{"main-sidebar":{"search-2":{"title":""},"categories-2":{"title":"Categories","count":0,"hierarchical":0,"dropdown":0},"fl_theme_helper_popular_post-2":{"title":"Popular Posts","post_per_page":"3"},"tag_cloud-2":{"title":"Popular Tags","count":0,"taxonomy":"post_tag"}},"header-sidebar-1":{"fl_theme_helper_header_contact_info-2":{"phone_text":"Phone:","phone_number":"+ (123) 456 74700","email_text":"Email:","email_address":"empelza@my-domain.com"}},"header-sidebar-2":{"fl_theme_helper_header_social-2":{"social_text":"Follow us:","fb":"#","tw":"#","pt":"#","vk":"#","bh":"#"}},"footer-sidebar-1":{"fl_theme_helper_footer_logotype-2":{"logotype_img":"http:\/\/empelza.templines.org\/wp-content\/uploads\/2020\/02\/Logotype-light-min.png","max_with_logotype":"125","logotype_link":"http:\/\/empelza.templines.org\/"},"fl_theme_helper_social_profiles-3":{"title":"","fb":"#","tw":"#","gl":"#","pt":"#","dr":"","vk":"","bh":"#","vm":"#"}},"footer-sidebar-2":{"nav_menu-2":{"title":"Useful links","nav_menu":3}},"footer-sidebar-3":{"fl_theme_helper_contact_info-3":{"title":"Contact Info","about_img":"","title_about_us":"","content":"","fb":"","tw":"","pt":"","vk":"","bh":""}}}