{"v":"5.5.7","meta":{"g":"LottieFiles AE 0.1.20","a":"Isometric Loader #2","k":"#Isometric, #Loader, #Isometric Animation","d":"","tc":""},"fr":60,"ip":0,"op":42,"w":512,"h":512,"nm":"Hand animated isometric loader - Lottiefiles","ddd":0,"assets":[{"id":"comp_0","layers":[{"ddd":0,"ind":1,"ty":0,"nm":"Iso square thing 2 - Compiled reversed","refId":"comp_1","sr":1,"ks":{"o":{"a":0,"k":100,"ix":11},"r":{"a":0,"k":0,"ix":10},"p":{"a":0,"k":[540,540,0],"ix":2},"a":{"a":0,"k":[400,300,0],"ix":1},"s":{"a":0,"k":[125,125,100],"ix":6}},"ao":0,"w":800,"h":600,"ip":0,"op":242,"st":0,"bm":0}]},{"id":"comp_1","layers":[{"ddd":0,"ind":1,"ty":0,"nm":"Top","refId":"comp_2","sr":1,"ks":{"o":{"a":0,"k":100,"ix":11},"r":{"a":0,"k":0,"ix":10},"p":{"a":0,"k":[400,198.875,0],"ix":2},"a":{"a":0,"k":[400,300,0],"ix":1},"s":{"a":0,"k":[100,100,100],"ix":6}},"ao":0,"w":800,"h":600,"ip":0,"op":242,"st":0,"bm":0},{"ddd":0,"ind":2,"ty":0,"nm":"Middle","refId":"comp_3","sr":1,"ks":{"o":{"a":0,"k":100,"ix":11},"r":{"a":0,"k":0,"ix":10},"p":{"a":0,"k":[400,291.375,0],"ix":2},"a":{"a":0,"k":[400,300,0],"ix":1},"s":{"a":0,"k":[100,100,100],"ix":6}},"ao":0,"w":800,"h":600,"ip":0,"op":242,"st":0,"bm":0},{"ddd":0,"ind":3,"ty":0,"nm":"Bottom","refId":"comp_2","sr":1,"ks":{"o":{"a":0,"k":100,"ix":11},"r":{"a":0,"k":0,"ix":10},"p":{"a":0,"k":[400,383.375,0],"ix":2},"a":{"a":0,"k":[400,300,0],"ix":1},"s":{"a":0,"k":[100,100,100],"ix":6}},"ao":0,"w":800,"h":600,"ip":0,"op":242,"st":0,"bm":0}]},{"id":"comp_2","layers":[{"ddd":0,"ind":1,"ty":4,"nm":"Top","sr":1,"ks":{"o":{"a":0,"k":100,"ix":11},"r":{"a":1,"k":[{"i":{"x":[0.249],"y":[1]},"o":{"x":[0.764],"y":[0]},"t":0,"s":[0]},{"i":{"x":[0],"y":[1]},"o":{"x":[1],"y":[0]},"t":40,"s":[45]},{"i":{"x":[0.249],"y":[1]},"o":{"x":[0.764],"y":[0]},"t":60,"s":[45]},{"i":{"x":[0],"y":[1]},"o":{"x":[1],"y":[0]},"t":100,"s":[90]},{"i":{"x":[0.249],"y":[1]},"o":{"x":[0.764],"y":[0]},"t":120,"s":[90]},{"i":{"x":[0],"y":[1]},"o":{"x":[1],"y":[0]},"t":160,"s":[135]},{"i":{"x":[0.249],"y":[1]},"o":{"x":[0.764],"y":[0]},"t":180,"s":[135]},{"t":220,"s":[180]}],"ix":10},"p":{"a":0,"k":[400.063,266.85,0],"ix":2},"a":{"a":0,"k":[194.007,117.576,0],"ix":1},"s":{"a":0,"k":[100,100,100],"ix":6}},"ao":0,"shapes":[{"ty":"gr","it":[{"ind":0,"ty":"sh","ix":1,"ks":{"a":1,"k":[{"i":{"x":0.249,"y":1},"o":{"x":0.764,"y":0},"t":0,"s":[{"i":[[0,0],[0,0],[0,0],[0,0]],"o":[[0,0],[0,0],[0,0],[0,0]],"v":[[181.378,-0.001],[0.591,105.061],[-181.378,0],[0.591,-105.098]],"c":true}]},{"i":{"x":0,"y":1},"o":{"x":1,"y":0},"t":40,"s":[{"i":[[0,0],[0,0],[0,0],[0,0]],"o":[[0,0],[0,0],[0,0],[0,0]],"v":[[74.693,73.936],[-128.257,128.285],[-73.898,-74.732],[128.224,-128.256]],"c":true}]},{"i":{"x":0.249,"y":1},"o":{"x":0.764,"y":0},"t":60,"s":[{"i":[[0,0],[0,0],[0,0],[0,0]],"o":[[0,0],[0,0],[0,0],[0,0]],"v":[[74.693,73.936],[-128.257,128.285],[-73.898,-74.732],[128.224,-128.256]],"c":true}]},{"i":{"x":0,"y":1},"o":{"x":1,"y":0},"t":100,"s":[{"i":[[0,0],[0,0],[0,0],[0,0]],"o":[[0,0],[0,0],[0,0],[0,0]],"v":[[0.006,181.405],[-105.101,-0.59],[-0.023,-181.357],[105.099,-0.568]],"c":true}]},{"i":{"x":0.249,"y":1},"o":{"x":0.764,"y":0},"t":120,"s":[{"i":[[0,0],[0,0],[0,0],[0,0]],"o":[[0,0],[0,0],[0,0],[0,0]],"v":[[0.006,181.405],[-105.101,-0.59],[-0.023,-181.357],[105.099,-0.568]],"c":true}]},{"i":{"x":0,"y":1},"o":{"x":1,"y":0},"t":160,"s":[{"i":[[0,0],[0,0],[0,0],[0,0]],"o":[[0,0],[0,0],[0,0],[0,0]],"v":[[-74.749,73.946],[-128.281,-128.245],[73.826,-74.673],[128.278,128.28]],"c":true}]},{"i":{"x":0.249,"y":1},"o":{"x":0.764,"y":0},"t":180,"s":[{"i":[[0,0],[0,0],[0,0],[0,0]],"o":[[0,0],[0,0],[0,0],[0,0]],"v":[[-74.749,73.946],[-128.281,-128.245],[73.826,-74.673],[128.278,128.28]],"c":true}]},{"t":220,"s":[{"i":[[0,0],[0,0],[0,0],[0,0]],"o":[[0,0],[0,0],[0,0],[0,0]],"v":[[-181.405,0.009],[-0.593,-105.026],[181.388,-0.016],[-0.596,105.155]],"c":true}]}],"ix":2},"nm":"Path 1","mn":"ADBE Vector Shape - Group","hd":false},{"ty":"st","c":{"a":0,"k":[1,0.9764705882352941,0.32941176470588235,1],"ix":3},"o":{"a":0,"k":100,"ix":4},"w":{"a":0,"k":5,"ix":5},"lc":2,"lj":2,"bm":0,"nm":"Stroke 1","mn":"ADBE Vector Graphic - Stroke","hd":false},{"ty":"fl","c":{"a":0,"k":[0.10196078431372549,0.10588235294117647,0.21568627450980393,1],"ix":4},"o":{"a":0,"k":100,"ix":5},"r":1,"bm":0,"nm":"Fill 1","mn":"ADBE Vector Graphic - Fill","hd":false},{"ty":"tr","p":{"a":0,"k":[194.009,117.561],"ix":2},"a":{"a":0,"k":[0,0],"ix":1},"s":{"a":0,"k":[100,100],"ix":3},"r":{"a":0,"k":0,"ix":6},"o":{"a":0,"k":100,"ix":7},"sk":{"a":0,"k":0,"ix":4},"sa":{"a":0,"k":0,"ix":5},"nm":"Transform"}],"nm":"Top Panel","np":3,"cix":2,"bm":0,"ix":1,"mn":"ADBE Vector Group","hd":false}],"ip":0,"op":242,"st":0,"bm":0},{"ddd":0,"ind":2,"ty":4,"nm":"Left 7","sr":1,"ks":{"o":{"a":0,"k":100,"ix":11},"r":{"a":1,"k":[{"i":{"x":[0.249],"y":[1]},"o":{"x":[0.764],"y":[0]},"t":0,"s":[0]},{"i":{"x":[0],"y":[1]},"o":{"x":[1],"y":[0]},"t":40,"s":[45]},{"i":{"x":[0.249],"y":[1]},"o":{"x":[0.764],"y":[0]},"t":60,"s":[45]},{"i":{"x":[0],"y":[1]},"o":{"x":[1],"y":[0]},"t":100,"s":[90]},{"i":{"x":[0.249],"y":[1]},"o":{"x":[0.764],"y":[0]},"t":120,"s":[90]},{"i":{"x":[0],"y":[1]},"o":{"x":[1],"y":[0]},"t":160,"s":[135]},{"i":{"x":[0.249],"y":[1]},"o":{"x":[0.764],"y":[0]},"t":180,"s":[135]},{"t":220,"s":[180]}],"ix":10},"p":{"a":0,"k":[400.065,266.817,0],"ix":2},"a":{"a":0,"k":[194.009,117.543,0],"ix":1},"s":{"a":0,"k":[100,100,100],"ix":6}},"ao":0,"shapes":[{"ty":"gr","it":[{"ind":0,"ty":"sh","ix":1,"ks":{"a":1,"k":[{"i":{"x":0.249,"y":1},"o":{"x":0.764,"y":0},"t":0,"s":[{"i":[[0,0],[0,0],[0,0],[0,0]],"o":[[0,0],[0,0],[0,0],[0,0]],"v":[[-90.92,-85.372],[91.05,19.688],[91.045,85.363],[-91.05,-19.97]],"c":true}]},{"i":{"x":0,"y":1},"o":{"x":1,"y":0},"t":40,"s":[{"i":[[0,0],[0,0],[0,0],[0,0]],"o":[[0,0],[0,0],[0,0],[0,0]],"v":[[16.602,-160.068],[-37.737,42.868],[8.65,89.308],[62.779,-113.891]],"c":true}]},{"i":{"x":0.249,"y":1},"o":{"x":0.764,"y":0},"t":60,"s":[{"i":[[0,0],[0,0],[0,0],[0,0]],"o":[[0,0],[0,0],[0,0],[0,0]],"v":[[16.602,-160.068],[-37.737,42.868],[8.65,89.308],[62.779,-113.891]],"c":true}]},{"i":{"x":0,"y":1},"o":{"x":1,"y":0},"t":100,"s":[{"i":[[0,0],[0,0],[0,0],[0,0]],"o":[[0,0],[0,0],[0,0],[0,0]],"v":[[90.477,-266.786],[-14.612,-85.976],[50.775,-85.973],[156.123,-266.766]],"c":true}]},{"i":{"x":0.249,"y":1},"o":{"x":0.764,"y":0},"t":120,"s":[{"i":[[0,0],[0,0],[0,0],[0,0]],"o":[[0,0],[0,0],[0,0],[0,0]],"v":[[90.477,-266.786],[-14.612,-85.976],[50.775,-85.973],[156.123,-266.766]],"c":true}]},{"i":{"x":0,"y":1},"o":{"x":1,"y":0},"t":160,"s":[{"i":[[0,0],[0,0],[0,0],[0,0]],"o":[[0,0],[0,0],[0,0],[0,0]],"v":[[164.37,-160.102],[-37.77,-213.653],[8.635,-260.076],[210.747,-206.574]],"c":true}]},{"i":{"x":0.249,"y":1},"o":{"x":0.764,"y":0},"t":180,"s":[{"i":[[0,0],[0,0],[0,0],[0,0]],"o":[[0,0],[0,0],[0,0],[0,0]],"v":[[164.37,-160.102],[-37.77,-213.653],[8.635,-260.076],[210.747,-206.574]],"c":true}]},{"t":220,"s":[{"i":[[0,0],[0,0],[0,0],[0,0]],"o":[[0,0],[0,0],[0,0],[0,0]],"v":[[271.87,-85.414],[89.855,-190.497],[89.823,-256.139],[271.841,-151.011]],"c":true}]}],"ix":2},"nm":"Path 1","mn":"ADBE Vector Shape - Group","hd":false},{"ty":"st","c":{"a":0,"k":[1,0.9764705882352941,0.32941176470588235,1],"ix":3},"o":{"a":0,"k":100,"ix":4},"w":{"a":0,"k":5,"ix":5},"lc":2,"lj":2,"bm":0,"nm":"Stroke 1","mn":"ADBE Vector Graphic - Stroke","hd":false},{"ty":"fl","c":{"a":0,"k":[0.10196078431372549,0.10588235294117647,0.21568627450980393,1],"ix":4},"o":{"a":0,"k":100,"ix":5},"r":1,"bm":0,"nm":"Fill 1","mn":"ADBE Vector Graphic - Fill","hd":false},{"ty":"tr","p":{"a":0,"k":[103.551,202.934],"ix":2},"a":{"a":0,"k":[0,0],"ix":1},"s":{"a":0,"k":[100,100],"ix":3},"r":{"a":0,"k":0,"ix":6},"o":{"a":0,"k":100,"ix":7},"sk":{"a":0,"k":0,"ix":4},"sa":{"a":0,"k":0,"ix":5},"nm":"Transform"}],"nm":"Left Panel","np":3,"cix":2,"bm":0,"ix":1,"mn":"ADBE Vector Group","hd":false}],"ip":200,"op":242,"st":0,"bm":0},{"ddd":0,"ind":3,"ty":4,"nm":"Right 7","sr":1,"ks":{"o":{"a":0,"k":100,"ix":11},"r":{"a":1,"k":[{"i":{"x":[0.249],"y":[1]},"o":{"x":[0.764],"y":[0]},"t":0,"s":[0]},{"i":{"x":[0],"y":[1]},"o":{"x":[1],"y":[0]},"t":40,"s":[45]},{"i":{"x":[0.249],"y":[1]},"o":{"x":[0.764],"y":[0]},"t":60,"s":[45]},{"i":{"x":[0],"y":[1]},"o":{"x":[1],"y":[0]},"t":100,"s":[90]},{"i":{"x":[0.249],"y":[1]},"o":{"x":[0.764],"y":[0]},"t":120,"s":[90]},{"i":{"x":[0],"y":[1]},"o":{"x":[1],"y":[0]},"t":160,"s":[135]},{"i":{"x":[0.249],"y":[1]},"o":{"x":[0.764],"y":[0]},"t":180,"s":[135]},{"t":220,"s":[180]}],"ix":10},"p":{"a":0,"k":[400.651,246.972,0],"ix":2},"a":{"a":0,"k":[194.595,97.698,0],"ix":1},"s":{"a":0,"k":[100,100,100],"ix":6}},"ao":0,"shapes":[{"ty":"gr","it":[{"ind":0,"ty":"sh","ix":1,"ks":{"a":1,"k":[{"i":{"x":0.249,"y":1},"o":{"x":0.764,"y":0},"t":0,"s":[{"i":[[0,0],[0,0],[0,0],[0,0]],"o":[[0,0],[0,0],[0,0],[0,0]],"v":[[91.641,-85.411],[91.637,-20.022],[-90.459,85.374],[-90.329,19.689]],"c":true}]},{"i":{"x":0,"y":1},"o":{"x":1,"y":0},"t":40,"s":[{"i":[[0,0],[0,0],[0,0],[0,0]],"o":[[0,0],[0,0],[0,0],[0,0]],"v":[[233.527,-113.982],[279.949,-67.575],[77.634,-14.262],[31.404,-60.458]],"c":true}]},{"i":{"x":0.249,"y":1},"o":{"x":0.764,"y":0},"t":60,"s":[{"i":[[0,0],[0,0],[0,0],[0,0]],"o":[[0,0],[0,0],[0,0],[0,0]],"v":[[233.527,-113.982],[279.949,-67.575],[77.634,-14.262],[31.404,-60.458]],"c":true}]},{"i":{"x":0,"y":1},"o":{"x":1,"y":0},"t":100,"s":[{"i":[[0,0],[0,0],[0,0],[0,0]],"o":[[0,0],[0,0],[0,0],[0,0]],"v":[[216.558,-0.201],[282.199,-0.2],[177.134,-180.981],[111.467,-180.989]],"c":true}]},{"i":{"x":0.249,"y":1},"o":{"x":0.764,"y":0},"t":120,"s":[{"i":[[0,0],[0,0],[0,0],[0,0]],"o":[[0,0],[0,0],[0,0],[0,0]],"v":[[216.558,-0.201],[282.199,-0.2],[177.134,-180.981],[111.467,-180.989]],"c":true}]},{"i":{"x":0,"y":1},"o":{"x":1,"y":0},"t":160,"s":[{"i":[[0,0],[0,0],[0,0],[0,0]],"o":[[0,0],[0,0],[0,0],[0,0]],"v":[[234.368,114.439],[280.696,68.035],[226.366,-134.931],[179.924,-88.535]],"c":true}]},{"i":{"x":0.249,"y":1},"o":{"x":0.764,"y":0},"t":180,"s":[{"i":[[0,0],[0,0],[0,0],[0,0]],"o":[[0,0],[0,0],[0,0],[0,0]],"v":[[234.368,114.439],[280.696,68.035],[226.366,-134.931],[179.924,-88.535]],"c":true}]},{"t":220,"s":[{"i":[[0,0],[0,0],[0,0],[0,0]],"o":[[0,0],[0,0],[0,0],[0,0]],"v":[[91.618,85.033],[91.602,19.723],[273.554,-85.681],[273.58,-20.035]],"c":true}]}],"ix":2},"nm":"Path 1","mn":"ADBE Vector Shape - Group","hd":false},{"ty":"st","c":{"a":0,"k":[1,0.9764705882352941,0.32941176470588235,1],"ix":3},"o":{"a":0,"k":100,"ix":4},"w":{"a":0,"k":5,"ix":5},"lc":2,"lj":2,"bm":0,"nm":"Stroke 1","mn":"ADBE Vector Graphic - Stroke","hd":false},{"ty":"fl","c":{"a":0,"k":[0.10196078431372549,0.10588235294117647,0.21568627450980393,1],"ix":4},"o":{"a":0,"k":100,"ix":5},"r":1,"bm":0,"nm":"Fill 1","mn":"ADBE Vector Graphic - Fill","hd":false},{"ty":"tr","p":{"a":0,"k":[102.959,97.874],"ix":2},"a":{"a":0,"k":[0,0],"ix":1},"s":{"a":0,"k":[100,100],"ix":3},"r":{"a":0,"k":0,"ix":6},"o":{"a":0,"k":100,"ix":7},"sk":{"a":0,"k":0,"ix":4},"sa":{"a":0,"k":0,"ix":5},"nm":"Transform"}],"nm":"Right Panel 2","np":3,"cix":2,"bm":0,"ix":1,"mn":"ADBE Vector Group","hd":false}],"ip":140,"op":242,"st":0,"bm":0},{"ddd":0,"ind":4,"ty":4,"nm":"Left 6","sr":1,"ks":{"o":{"a":0,"k":100,"ix":11},"r":{"a":1,"k":[{"i":{"x":[0.249],"y":[1]},"o":{"x":[0.764],"y":[0]},"t":0,"s":[0]},{"i":{"x":[0],"y":[1]},"o":{"x":[1],"y":[0]},"t":40,"s":[45]},{"i":{"x":[0.249],"y":[1]},"o":{"x":[0.764],"y":[0]},"t":60,"s":[45]},{"i":{"x":[0],"y":[1]},"o":{"x":[1],"y":[0]},"t":100,"s":[90]},{"i":{"x":[0.249],"y":[1]},"o":{"x":[0.764],"y":[0]},"t":120,"s":[90]},{"i":{"x":[0],"y":[1]},"o":{"x":[1],"y":[0]},"t":160,"s":[135]},{"i":{"x":[0.249],"y":[1]},"o":{"x":[0.764],"y":[0]},"t":180,"s":[135]},{"t":220,"s":[180]}],"ix":10},"p":{"a":0,"k":[400.065,266.817,0],"ix":2},"a":{"a":0,"k":[194.009,117.543,0],"ix":1},"s":{"a":0,"k":[100,100,100],"ix":6}},"ao":0,"shapes":[{"ty":"gr","it":[{"ind":0,"ty":"sh","ix":1,"ks":{"a":1,"k":[{"i":{"x":0.249,"y":1},"o":{"x":0.764,"y":0},"t":0,"s":[{"i":[[0,0],[0,0],[0,0],[0,0]],"o":[[0,0],[0,0],[0,0],[0,0]],"v":[[-90.92,-85.372],[91.05,19.688],[91.045,85.363],[-91.05,-19.97]],"c":true}]},{"i":{"x":0,"y":1},"o":{"x":1,"y":0},"t":40,"s":[{"i":[[0,0],[0,0],[0,0],[0,0]],"o":[[0,0],[0,0],[0,0],[0,0]],"v":[[16.602,-160.068],[-37.737,42.868],[8.65,89.308],[62.779,-113.891]],"c":true}]},{"i":{"x":0.249,"y":1},"o":{"x":0.764,"y":0},"t":60,"s":[{"i":[[0,0],[0,0],[0,0],[0,0]],"o":[[0,0],[0,0],[0,0],[0,0]],"v":[[16.602,-160.068],[-37.737,42.868],[8.65,89.308],[62.779,-113.891]],"c":true}]},{"i":{"x":0,"y":1},"o":{"x":1,"y":0},"t":100,"s":[{"i":[[0,0],[0,0],[0,0],[0,0]],"o":[[0,0],[0,0],[0,0],[0,0]],"v":[[90.477,-266.786],[-14.612,-85.976],[50.775,-85.973],[156.123,-266.766]],"c":true}]},{"i":{"x":0.249,"y":1},"o":{"x":0.764,"y":0},"t":120,"s":[{"i":[[0,0],[0,0],[0,0],[0,0]],"o":[[0,0],[0,0],[0,0],[0,0]],"v":[[90.477,-266.786],[-14.612,-85.976],[50.775,-85.973],[156.123,-266.766]],"c":true}]},{"i":{"x":0,"y":1},"o":{"x":1,"y":0},"t":160,"s":[{"i":[[0,0],[0,0],[0,0],[0,0]],"o":[[0,0],[0,0],[0,0],[0,0]],"v":[[164.37,-160.102],[-37.77,-213.653],[8.635,-260.076],[210.747,-206.574]],"c":true}]},{"i":{"x":0.249,"y":1},"o":{"x":0.764,"y":0},"t":180,"s":[{"i":[[0,0],[0,0],[0,0],[0,0]],"o":[[0,0],[0,0],[0,0],[0,0]],"v":[[164.37,-160.102],[-37.77,-213.653],[8.635,-260.076],[210.747,-206.574]],"c":true}]},{"t":220,"s":[{"i":[[0,0],[0,0],[0,0],[0,0]],"o":[[0,0],[0,0],[0,0],[0,0]],"v":[[271.87,-85.414],[89.855,-190.497],[89.823,-256.139],[271.841,-151.011]],"c":true}]}],"ix":2},"nm":"Path 1","mn":"ADBE Vector Shape - Group","hd":false},{"ty":"st","c":{"a":0,"k":[1,0.9764705882352941,0.32941176470588235,1],"ix":3},"o":{"a":0,"k":100,"ix":4},"w":{"a":0,"k":5,"ix":5},"lc":2,"lj":2,"bm":0,"nm":"Stroke 1","mn":"ADBE Vector Graphic - Stroke","hd":false},{"ty":"fl","c":{"a":0,"k":[0.10196078431372549,0.10588235294117647,0.21568627450980393,1],"ix":4},"o":{"a":0,"k":100,"ix":5},"r":1,"bm":0,"nm":"Fill 1","mn":"ADBE Vector Graphic - Fill","hd":false},{"ty":"tr","p":{"a":0,"k":[103.551,202.934],"ix":2},"a":{"a":0,"k":[0,0],"ix":1},"s":{"a":0,"k":[100,100],"ix":3},"r":{"a":0,"k":0,"ix":6},"o":{"a":0,"k":100,"ix":7},"sk":{"a":0,"k":0,"ix":4},"sa":{"a":0,"k":0,"ix":5},"nm":"Transform"}],"nm":"Left Panel","np":3,"cix":2,"bm":0,"ix":1,"mn":"ADBE Vector Group","hd":false}],"ip":140,"op":200,"st":0,"bm":0},{"ddd":0,"ind":5,"ty":4,"nm":"Right 6","sr":1,"ks":{"o":{"a":0,"k":100,"ix":11},"r":{"a":1,"k":[{"i":{"x":[0.249],"y":[1]},"o":{"x":[0.764],"y":[0]},"t":0,"s":[0]},{"i":{"x":[0],"y":[1]},"o":{"x":[1],"y":[0]},"t":40,"s":[45]},{"i":{"x":[0.249],"y":[1]},"o":{"x":[0.764],"y":[0]},"t":60,"s":[45]},{"i":{"x":[0],"y":[1]},"o":{"x":[1],"y":[0]},"t":100,"s":[90]},{"i":{"x":[0.249],"y":[1]},"o":{"x":[0.764],"y":[0]},"t":120,"s":[90]},{"i":{"x":[0],"y":[1]},"o":{"x":[1],"y":[0]},"t":160,"s":[135]},{"i":{"x":[0.249],"y":[1]},"o":{"x":[0.764],"y":[0]},"t":180,"s":[135]},{"t":220,"s":[180]}],"ix":10},"p":{"a":0,"k":[400.651,266.834,0],"ix":2},"a":{"a":0,"k":[194.595,117.56,0],"ix":1},"s":{"a":0,"k":[100,100,100],"ix":6}},"ao":0,"shapes":[{"ty":"gr","it":[{"ind":0,"ty":"sh","ix":1,"ks":{"a":1,"k":[{"i":{"x":0.249,"y":1},"o":{"x":0.764,"y":0},"t":0,"s":[{"i":[[0,0],[0,0],[0,0],[0,0]],"o":[[0,0],[0,0],[0,0],[0,0]],"v":[[90.458,-85.373],[90.329,-19.97],[-90.334,85.363],[-90.329,19.689]],"c":true}]},{"i":{"x":0,"y":1},"o":{"x":1,"y":0},"t":40,"s":[{"i":[[0,0],[0,0],[0,0],[0,0]],"o":[[0,0],[0,0],[0,0],[0,0]],"v":[[-16.049,-11.083],[30.402,35.317],[-172.601,89.672],[-219.022,43.289]],"c":true}]},{"i":{"x":0.249,"y":1},"o":{"x":0.764,"y":0},"t":60,"s":[{"i":[[0,0],[0,0],[0,0],[0,0]],"o":[[0,0],[0,0],[0,0],[0,0]],"v":[[-16.049,-11.083],[30.402,35.317],[-172.601,89.672],[-219.022,43.289]],"c":true}]},{"i":{"x":0,"y":1},"o":{"x":1,"y":0},"t":100,"s":[{"i":[[0,0],[0,0],[0,0],[0,0]],"o":[[0,0],[0,0],[0,0],[0,0]],"v":[[-90.299,96.574],[-24.66,96.598],[-130.101,-85.422],[-195.459,-85.399]],"c":true}]},{"i":{"x":0.249,"y":1},"o":{"x":0.764,"y":0},"t":120,"s":[{"i":[[0,0],[0,0],[0,0],[0,0]],"o":[[0,0],[0,0],[0,0],[0,0]],"v":[[-90.299,96.574],[-24.66,96.598],[-130.101,-85.422],[-195.459,-85.399]],"c":true}]},{"i":{"x":0,"y":1},"o":{"x":1,"y":0},"t":160,"s":[{"i":[[0,0],[0,0],[0,0],[0,0]],"o":[[0,0],[0,0],[0,0],[0,0]],"v":[[-164.656,-11.105],[-118.463,-57.308],[-171.754,-259.613],[-218.175,-213.253]],"c":true}]},{"i":{"x":0.249,"y":1},"o":{"x":0.764,"y":0},"t":180,"s":[{"i":[[0,0],[0,0],[0,0],[0,0]],"o":[[0,0],[0,0],[0,0],[0,0]],"v":[[-164.656,-11.105],[-118.463,-57.308],[-171.754,-259.613],[-218.175,-213.253]],"c":true}]},{"t":220,"s":[{"i":[[0,0],[0,0],[0,0],[0,0]],"o":[[0,0],[0,0],[0,0],[0,0]],"v":[[-271.156,-85.387],[-271.15,-151.027],[-90.316,-256.082],[-90.332,-190.44]],"c":true}]}],"ix":2},"nm":"Path 1","mn":"ADBE Vector Shape - Group","hd":false},{"ty":"st","c":{"a":0,"k":[1,0.9764705882352941,0.32941176470588235,1],"ix":3},"o":{"a":0,"k":100,"ix":4},"w":{"a":0,"k":5,"ix":5},"lc":2,"lj":2,"bm":0,"nm":"Stroke 1","mn":"ADBE Vector Graphic - Stroke","hd":false},{"ty":"fl","c":{"a":0,"k":[0.10196078431372549,0.10588235294117647,0.21568627450980393,1],"ix":4},"o":{"a":0,"k":100,"ix":5},"r":1,"bm":0,"nm":"Fill 1","mn":"ADBE Vector Graphic - Fill","hd":false},{"ty":"tr","p":{"a":0,"k":[284.929,202.933],"ix":2},"a":{"a":0,"k":[0,0],"ix":1},"s":{"a":0,"k":[100,100],"ix":3},"r":{"a":0,"k":0,"ix":6},"o":{"a":0,"k":100,"ix":7},"sk":{"a":0,"k":0,"ix":4},"sa":{"a":0,"k":0,"ix":5},"nm":"Transform"}],"nm":"Right Panel","np":3,"cix":2,"bm":0,"ix":1,"mn":"ADBE Vector Group","hd":false}],"ip":140,"op":242,"st":0,"bm":0},{"ddd":0,"ind":6,"ty":4,"nm":"Left 5","sr":1,"ks":{"o":{"a":0,"k":100,"ix":11},"r":{"a":1,"k":[{"i":{"x":[0.249],"y":[1]},"o":{"x":[0.764],"y":[0]},"t":0,"s":[0]},{"i":{"x":[0],"y":[1]},"o":{"x":[1],"y":[0]},"t":40,"s":[45]},{"i":{"x":[0.249],"y":[1]},"o":{"x":[0.764],"y":[0]},"t":60,"s":[45]},{"i":{"x":[0],"y":[1]},"o":{"x":[1],"y":[0]},"t":100,"s":[90]},{"i":{"x":[0.249],"y":[1]},"o":{"x":[0.764],"y":[0]},"t":120,"s":[90]},{"i":{"x":[0],"y":[1]},"o":{"x":[1],"y":[0]},"t":160,"s":[135]},{"i":{"x":[0.249],"y":[1]},"o":{"x":[0.764],"y":[0]},"t":180,"s":[135]},{"t":220,"s":[180]}],"ix":10},"p":{"a":0,"k":[400,246.972,0],"ix":2},"a":{"a":0,"k":[193.944,97.698,0],"ix":1},"s":{"a":0,"k":[100,100,100],"ix":6}},"ao":0,"shapes":[{"ty":"gr","it":[{"ind":0,"ty":"sh","ix":1,"ks":{"a":1,"k":[{"i":{"x":0.249,"y":1},"o":{"x":0.764,"y":0},"t":0,"s":[{"i":[[0,0],[0,0],[0,0],[0,0]],"o":[[0,0],[0,0],[0,0],[0,0]],"v":[[91.05,19.688],[90.92,85.06],[-89.742,-20.023],[-89.737,-85.41]],"c":true}]},{"i":{"x":0,"y":1},"o":{"x":1,"y":0},"t":40,"s":[{"i":[[0,0],[0,0],[0,0],[0,0]],"o":[[0,0],[0,0],[0,0],[0,0]],"v":[[-1.581,87.747],[44.848,134.093],[98.37,-68.039],[51.949,-114.445]],"c":true}]},{"i":{"x":0.249,"y":1},"o":{"x":0.764,"y":0},"t":60,"s":[{"i":[[0,0],[0,0],[0,0],[0,0]],"o":[[0,0],[0,0],[0,0],[0,0]],"v":[[-1.581,87.747],[44.848,134.093],[98.37,-68.039],[51.949,-114.445]],"c":true}]},{"i":{"x":0,"y":1},"o":{"x":1,"y":0},"t":100,"s":[{"i":[[0,0],[0,0],[0,0],[0,0]],"o":[[0,0],[0,0],[0,0],[0,0]],"v":[[-70.55,181.122],[-4.934,181.125],[100.183,-0.852],[34.543,-0.851]],"c":true}]},{"i":{"x":0.249,"y":1},"o":{"x":0.764,"y":0},"t":120,"s":[{"i":[[0,0],[0,0],[0,0],[0,0]],"o":[[0,0],[0,0],[0,0],[0,0]],"v":[[-70.55,181.122],[-4.934,181.125],[100.183,-0.852],[34.543,-0.851]],"c":true}]},{"i":{"x":0,"y":1},"o":{"x":1,"y":0},"t":160,"s":[{"i":[[0,0],[0,0],[0,0],[0,0]],"o":[[0,0],[0,0],[0,0],[0,0]],"v":[[-151.116,59.588],[-104.901,13.408],[98.282,67.561],[51.823,113.965]],"c":true}]},{"i":{"x":0.249,"y":1},"o":{"x":0.764,"y":0},"t":180,"s":[{"i":[[0,0],[0,0],[0,0],[0,0]],"o":[[0,0],[0,0],[0,0],[0,0]],"v":[[-151.116,59.588],[-104.901,13.408],[98.282,67.561],[51.823,113.965]],"c":true}]},{"t":220,"s":[{"i":[[0,0],[0,0],[0,0],[0,0]],"o":[[0,0],[0,0],[0,0],[0,0]],"v":[[-271.834,-20.069],[-271.87,-85.686],[-91.061,19.717],[-91.083,85.059]],"c":true}]}],"ix":2},"nm":"Path 1","mn":"ADBE Vector Shape - Group","hd":false},{"ty":"st","c":{"a":0,"k":[1,0.9764705882352941,0.32941176470588235,1],"ix":3},"o":{"a":0,"k":100,"ix":4},"w":{"a":0,"k":5,"ix":5},"lc":2,"lj":2,"bm":0,"nm":"Stroke 1","mn":"ADBE Vector Graphic - Stroke","hd":false},{"ty":"fl","c":{"a":0,"k":[0.10196078431372549,0.10588235294117647,0.21568627450980393,1],"ix":4},"o":{"a":0,"k":100,"ix":5},"r":1,"bm":0,"nm":"Fill 1","mn":"ADBE Vector Graphic - Fill","hd":false},{"ty":"tr","p":{"a":0,"k":[284.337,97.873],"ix":2},"a":{"a":0,"k":[0,0],"ix":1},"s":{"a":0,"k":[100,100],"ix":3},"r":{"a":0,"k":0,"ix":6},"o":{"a":0,"k":100,"ix":7},"sk":{"a":0,"k":0,"ix":4},"sa":{"a":0,"k":0,"ix":5},"nm":"Transform"}],"nm":"Left Panel 2","np":3,"cix":2,"bm":0,"ix":1,"mn":"ADBE Vector Group","hd":false}],"ip":80,"op":242,"st":0,"bm":0},{"ddd":0,"ind":7,"ty":4,"nm":"Right 5","sr":1,"ks":{"o":{"a":0,"k":100,"ix":11},"r":{"a":1,"k":[{"i":{"x":[0.249],"y":[1]},"o":{"x":[0.764],"y":[0]},"t":0,"s":[0]},{"i":{"x":[0],"y":[1]},"o":{"x":[1],"y":[0]},"t":40,"s":[45]},{"i":{"x":[0.249],"y":[1]},"o":{"x":[0.764],"y":[0]},"t":60,"s":[45]},{"i":{"x":[0],"y":[1]},"o":{"x":[1],"y":[0]},"t":100,"s":[90]},{"i":{"x":[0.249],"y":[1]},"o":{"x":[0.764],"y":[0]},"t":120,"s":[90]},{"i":{"x":[0],"y":[1]},"o":{"x":[1],"y":[0]},"t":160,"s":[135]},{"i":{"x":[0.249],"y":[1]},"o":{"x":[0.764],"y":[0]},"t":180,"s":[135]},{"t":220,"s":[180]}],"ix":10},"p":{"a":0,"k":[400.651,246.972,0],"ix":2},"a":{"a":0,"k":[194.595,97.698,0],"ix":1},"s":{"a":0,"k":[100,100,100],"ix":6}},"ao":0,"shapes":[{"ty":"gr","it":[{"ind":0,"ty":"sh","ix":1,"ks":{"a":1,"k":[{"i":{"x":0.249,"y":1},"o":{"x":0.764,"y":0},"t":0,"s":[{"i":[[0,0],[0,0],[0,0],[0,0]],"o":[[0,0],[0,0],[0,0],[0,0]],"v":[[91.641,-85.411],[91.637,-20.022],[-90.459,85.374],[-90.329,19.689]],"c":true}]},{"i":{"x":0,"y":1},"o":{"x":1,"y":0},"t":40,"s":[{"i":[[0,0],[0,0],[0,0],[0,0]],"o":[[0,0],[0,0],[0,0],[0,0]],"v":[[233.527,-113.982],[279.949,-67.575],[77.634,-14.262],[31.404,-60.458]],"c":true}]},{"i":{"x":0.249,"y":1},"o":{"x":0.764,"y":0},"t":60,"s":[{"i":[[0,0],[0,0],[0,0],[0,0]],"o":[[0,0],[0,0],[0,0],[0,0]],"v":[[233.527,-113.982],[279.949,-67.575],[77.634,-14.262],[31.404,-60.458]],"c":true}]},{"i":{"x":0,"y":1},"o":{"x":1,"y":0},"t":100,"s":[{"i":[[0,0],[0,0],[0,0],[0,0]],"o":[[0,0],[0,0],[0,0],[0,0]],"v":[[216.558,-0.201],[282.199,-0.2],[177.134,-180.981],[111.467,-180.989]],"c":true}]},{"i":{"x":0.249,"y":1},"o":{"x":0.764,"y":0},"t":120,"s":[{"i":[[0,0],[0,0],[0,0],[0,0]],"o":[[0,0],[0,0],[0,0],[0,0]],"v":[[216.558,-0.201],[282.199,-0.2],[177.134,-180.981],[111.467,-180.989]],"c":true}]},{"i":{"x":0,"y":1},"o":{"x":1,"y":0},"t":160,"s":[{"i":[[0,0],[0,0],[0,0],[0,0]],"o":[[0,0],[0,0],[0,0],[0,0]],"v":[[234.368,114.439],[280.696,68.035],[226.366,-134.931],[179.924,-88.535]],"c":true}]},{"i":{"x":0.249,"y":1},"o":{"x":0.764,"y":0},"t":180,"s":[{"i":[[0,0],[0,0],[0,0],[0,0]],"o":[[0,0],[0,0],[0,0],[0,0]],"v":[[234.368,114.439],[280.696,68.035],[226.366,-134.931],[179.924,-88.535]],"c":true}]},{"t":220,"s":[{"i":[[0,0],[0,0],[0,0],[0,0]],"o":[[0,0],[0,0],[0,0],[0,0]],"v":[[91.618,85.033],[91.602,19.723],[273.554,-85.681],[273.58,-20.035]],"c":true}]}],"ix":2},"nm":"Path 1","mn":"ADBE Vector Shape - Group","hd":false},{"ty":"st","c":{"a":0,"k":[1,0.9764705882352941,0.32941176470588235,1],"ix":3},"o":{"a":0,"k":100,"ix":4},"w":{"a":0,"k":5,"ix":5},"lc":2,"lj":2,"bm":0,"nm":"Stroke 1","mn":"ADBE Vector Graphic - Stroke","hd":false},{"ty":"fl","c":{"a":0,"k":[0.10196078431372549,0.10588235294117647,0.21568627450980393,1],"ix":4},"o":{"a":0,"k":100,"ix":5},"r":1,"bm":0,"nm":"Fill 1","mn":"ADBE Vector Graphic - Fill","hd":false},{"ty":"tr","p":{"a":0,"k":[102.959,97.874],"ix":2},"a":{"a":0,"k":[0,0],"ix":1},"s":{"a":0,"k":[100,100],"ix":3},"r":{"a":0,"k":0,"ix":6},"o":{"a":0,"k":100,"ix":7},"sk":{"a":0,"k":0,"ix":4},"sa":{"a":0,"k":0,"ix":5},"nm":"Transform"}],"nm":"Right Panel 2","np":3,"cix":2,"bm":0,"ix":1,"mn":"ADBE Vector Group","hd":false}],"ip":80,"op":140,"st":0,"bm":0},{"ddd":0,"ind":8,"ty":4,"nm":"Right","sr":1,"ks":{"o":{"a":0,"k":100,"ix":11},"r":{"a":1,"k":[{"i":{"x":[0.249],"y":[1]},"o":{"x":[0.764],"y":[0]},"t":0,"s":[0]},{"i":{"x":[0],"y":[1]},"o":{"x":[1],"y":[0]},"t":40,"s":[45]},{"i":{"x":[0.249],"y":[1]},"o":{"x":[0.764],"y":[0]},"t":60,"s":[45]},{"i":{"x":[0],"y":[1]},"o":{"x":[1],"y":[0]},"t":100,"s":[90]},{"i":{"x":[0.249],"y":[1]},"o":{"x":[0.764],"y":[0]},"t":120,"s":[90]},{"i":{"x":[0],"y":[1]},"o":{"x":[1],"y":[0]},"t":160,"s":[135]},{"i":{"x":[0.249],"y":[1]},"o":{"x":[0.764],"y":[0]},"t":180,"s":[135]},{"t":220,"s":[180]}],"ix":10},"p":{"a":0,"k":[400.651,266.834,0],"ix":2},"a":{"a":0,"k":[194.595,117.56,0],"ix":1},"s":{"a":0,"k":[100,100,100],"ix":6}},"ao":0,"shapes":[{"ty":"gr","it":[{"ind":0,"ty":"sh","ix":1,"ks":{"a":1,"k":[{"i":{"x":0.249,"y":1},"o":{"x":0.764,"y":0},"t":0,"s":[{"i":[[0,0],[0,0],[0,0],[0,0]],"o":[[0,0],[0,0],[0,0],[0,0]],"v":[[90.458,-85.373],[90.329,-19.97],[-90.334,85.363],[-90.329,19.689]],"c":true}]},{"i":{"x":0,"y":1},"o":{"x":1,"y":0},"t":40,"s":[{"i":[[0,0],[0,0],[0,0],[0,0]],"o":[[0,0],[0,0],[0,0],[0,0]],"v":[[-16.049,-11.083],[30.402,35.317],[-172.601,89.672],[-219.022,43.289]],"c":true}]},{"i":{"x":0.249,"y":1},"o":{"x":0.764,"y":0},"t":60,"s":[{"i":[[0,0],[0,0],[0,0],[0,0]],"o":[[0,0],[0,0],[0,0],[0,0]],"v":[[-16.049,-11.083],[30.402,35.317],[-172.601,89.672],[-219.022,43.289]],"c":true}]},{"i":{"x":0,"y":1},"o":{"x":1,"y":0},"t":100,"s":[{"i":[[0,0],[0,0],[0,0],[0,0]],"o":[[0,0],[0,0],[0,0],[0,0]],"v":[[-90.299,96.574],[-24.66,96.598],[-130.101,-85.422],[-195.459,-85.399]],"c":true}]},{"i":{"x":0.249,"y":1},"o":{"x":0.764,"y":0},"t":120,"s":[{"i":[[0,0],[0,0],[0,0],[0,0]],"o":[[0,0],[0,0],[0,0],[0,0]],"v":[[-90.299,96.574],[-24.66,96.598],[-130.101,-85.422],[-195.459,-85.399]],"c":true}]},{"i":{"x":0,"y":1},"o":{"x":1,"y":0},"t":160,"s":[{"i":[[0,0],[0,0],[0,0],[0,0]],"o":[[0,0],[0,0],[0,0],[0,0]],"v":[[-164.656,-11.105],[-118.463,-57.308],[-171.754,-259.613],[-218.175,-213.253]],"c":true}]},{"i":{"x":0.249,"y":1},"o":{"x":0.764,"y":0},"t":180,"s":[{"i":[[0,0],[0,0],[0,0],[0,0]],"o":[[0,0],[0,0],[0,0],[0,0]],"v":[[-164.656,-11.105],[-118.463,-57.308],[-171.754,-259.613],[-218.175,-213.253]],"c":true}]},{"t":220,"s":[{"i":[[0,0],[0,0],[0,0],[0,0]],"o":[[0,0],[0,0],[0,0],[0,0]],"v":[[-271.156,-85.387],[-271.15,-151.027],[-90.316,-256.082],[-90.332,-190.44]],"c":true}]}],"ix":2},"nm":"Path 1","mn":"ADBE Vector Shape - Group","hd":false},{"ty":"st","c":{"a":0,"k":[1,0.9764705882352941,0.32941176470588235,1],"ix":3},"o":{"a":0,"k":100,"ix":4},"w":{"a":0,"k":5,"ix":5},"lc":2,"lj":2,"bm":0,"nm":"Stroke 1","mn":"ADBE Vector Graphic - Stroke","hd":false},{"ty":"fl","c":{"a":0,"k":[0.10196078431372549,0.10588235294117647,0.21568627450980393,1],"ix":4},"o":{"a":0,"k":100,"ix":5},"r":1,"bm":0,"nm":"Fill 1","mn":"ADBE Vector Graphic - Fill","hd":false},{"ty":"tr","p":{"a":0,"k":[284.929,202.933],"ix":2},"a":{"a":0,"k":[0,0],"ix":1},"s":{"a":0,"k":[100,100],"ix":3},"r":{"a":0,"k":0,"ix":6},"o":{"a":0,"k":100,"ix":7},"sk":{"a":0,"k":0,"ix":4},"sa":{"a":0,"k":0,"ix":5},"nm":"Transform"}],"nm":"Right Panel","np":3,"cix":2,"bm":0,"ix":1,"mn":"ADBE Vector Group","hd":false}],"ip":0,"op":140,"st":0,"bm":0},{"ddd":0,"ind":9,"ty":4,"nm":"Left ","sr":1,"ks":{"o":{"a":0,"k":100,"ix":11},"r":{"a":1,"k":[{"i":{"x":[0.249],"y":[1]},"o":{"x":[0.764],"y":[0]},"t":0,"s":[0]},{"i":{"x":[0],"y":[1]},"o":{"x":[1],"y":[0]},"t":40,"s":[45]},{"i":{"x":[0.249],"y":[1]},"o":{"x":[0.764],"y":[0]},"t":60,"s":[45]},{"i":{"x":[0],"y":[1]},"o":{"x":[1],"y":[0]},"t":100,"s":[90]},{"i":{"x":[0.249],"y":[1]},"o":{"x":[0.764],"y":[0]},"t":120,"s":[90]},{"i":{"x":[0],"y":[1]},"o":{"x":[1],"y":[0]},"t":160,"s":[135]},{"i":{"x":[0.249],"y":[1]},"o":{"x":[0.764],"y":[0]},"t":180,"s":[135]},{"t":220,"s":[180]}],"ix":10},"p":{"a":0,"k":[400.065,266.817,0],"ix":2},"a":{"a":0,"k":[194.009,117.543,0],"ix":1},"s":{"a":0,"k":[100,100,100],"ix":6}},"ao":0,"shapes":[{"ty":"gr","it":[{"ind":0,"ty":"sh","ix":1,"ks":{"a":1,"k":[{"i":{"x":0.249,"y":1},"o":{"x":0.764,"y":0},"t":0,"s":[{"i":[[0,0],[0,0],[0,0],[0,0]],"o":[[0,0],[0,0],[0,0],[0,0]],"v":[[-90.92,-85.372],[91.05,19.688],[91.045,85.363],[-91.05,-19.97]],"c":true}]},{"i":{"x":0,"y":1},"o":{"x":1,"y":0},"t":40,"s":[{"i":[[0,0],[0,0],[0,0],[0,0]],"o":[[0,0],[0,0],[0,0],[0,0]],"v":[[16.602,-160.068],[-37.737,42.868],[8.65,89.308],[62.779,-113.891]],"c":true}]},{"i":{"x":0.249,"y":1},"o":{"x":0.764,"y":0},"t":60,"s":[{"i":[[0,0],[0,0],[0,0],[0,0]],"o":[[0,0],[0,0],[0,0],[0,0]],"v":[[16.602,-160.068],[-37.737,42.868],[8.65,89.308],[62.779,-113.891]],"c":true}]},{"i":{"x":0,"y":1},"o":{"x":1,"y":0},"t":100,"s":[{"i":[[0,0],[0,0],[0,0],[0,0]],"o":[[0,0],[0,0],[0,0],[0,0]],"v":[[90.477,-266.786],[-14.612,-85.976],[50.775,-85.973],[156.123,-266.766]],"c":true}]},{"i":{"x":0.249,"y":1},"o":{"x":0.764,"y":0},"t":120,"s":[{"i":[[0,0],[0,0],[0,0],[0,0]],"o":[[0,0],[0,0],[0,0],[0,0]],"v":[[90.477,-266.786],[-14.612,-85.976],[50.775,-85.973],[156.123,-266.766]],"c":true}]},{"i":{"x":0,"y":1},"o":{"x":1,"y":0},"t":160,"s":[{"i":[[0,0],[0,0],[0,0],[0,0]],"o":[[0,0],[0,0],[0,0],[0,0]],"v":[[164.37,-160.102],[-37.77,-213.653],[8.635,-260.076],[210.747,-206.574]],"c":true}]},{"i":{"x":0.249,"y":1},"o":{"x":0.764,"y":0},"t":180,"s":[{"i":[[0,0],[0,0],[0,0],[0,0]],"o":[[0,0],[0,0],[0,0],[0,0]],"v":[[164.37,-160.102],[-37.77,-213.653],[8.635,-260.076],[210.747,-206.574]],"c":true}]},{"t":220,"s":[{"i":[[0,0],[0,0],[0,0],[0,0]],"o":[[0,0],[0,0],[0,0],[0,0]],"v":[[271.87,-85.414],[89.855,-190.497],[89.823,-256.139],[271.841,-151.011]],"c":true}]}],"ix":2},"nm":"Path 1","mn":"ADBE Vector Shape - Group","hd":false},{"ty":"st","c":{"a":0,"k":[1,0.9764705882352941,0.32941176470588235,1],"ix":3},"o":{"a":0,"k":100,"ix":4},"w":{"a":0,"k":5,"ix":5},"lc":2,"lj":2,"bm":0,"nm":"Stroke 1","mn":"ADBE Vector Graphic - Stroke","hd":false},{"ty":"fl","c":{"a":0,"k":[0.10196078431372549,0.10588235294117647,0.21568627450980393,1],"ix":4},"o":{"a":0,"k":100,"ix":5},"r":1,"bm":0,"nm":"Fill 1","mn":"ADBE Vector Graphic - Fill","hd":false},{"ty":"tr","p":{"a":0,"k":[103.551,202.934],"ix":2},"a":{"a":0,"k":[0,0],"ix":1},"s":{"a":0,"k":[100,100],"ix":3},"r":{"a":0,"k":0,"ix":6},"o":{"a":0,"k":100,"ix":7},"sk":{"a":0,"k":0,"ix":4},"sa":{"a":0,"k":0,"ix":5},"nm":"Transform"}],"nm":"Left Panel","np":3,"cix":2,"bm":0,"ix":1,"mn":"ADBE Vector Group","hd":false}],"ip":0,"op":140,"st":0,"bm":0},{"ddd":0,"ind":10,"ty":4,"nm":"Left 2","sr":1,"ks":{"o":{"a":0,"k":100,"ix":11},"r":{"a":1,"k":[{"i":{"x":[0.249],"y":[1]},"o":{"x":[0.764],"y":[0]},"t":0,"s":[0]},{"i":{"x":[0],"y":[1]},"o":{"x":[1],"y":[0]},"t":40,"s":[45]},{"i":{"x":[0.249],"y":[1]},"o":{"x":[0.764],"y":[0]},"t":60,"s":[45]},{"i":{"x":[0],"y":[1]},"o":{"x":[1],"y":[0]},"t":100,"s":[90]},{"i":{"x":[0.249],"y":[1]},"o":{"x":[0.764],"y":[0]},"t":120,"s":[90]},{"i":{"x":[0],"y":[1]},"o":{"x":[1],"y":[0]},"t":160,"s":[135]},{"i":{"x":[0.249],"y":[1]},"o":{"x":[0.764],"y":[0]},"t":180,"s":[135]},{"t":220,"s":[180]}],"ix":10},"p":{"a":0,"k":[400,246.972,0],"ix":2},"a":{"a":0,"k":[193.944,97.698,0],"ix":1},"s":{"a":0,"k":[100,100,100],"ix":6}},"ao":0,"shapes":[{"ty":"gr","it":[{"ind":0,"ty":"sh","ix":1,"ks":{"a":1,"k":[{"i":{"x":0.249,"y":1},"o":{"x":0.764,"y":0},"t":0,"s":[{"i":[[0,0],[0,0],[0,0],[0,0]],"o":[[0,0],[0,0],[0,0],[0,0]],"v":[[91.05,19.688],[90.92,85.06],[-89.742,-20.023],[-89.737,-85.41]],"c":true}]},{"i":{"x":0,"y":1},"o":{"x":1,"y":0},"t":40,"s":[{"i":[[0,0],[0,0],[0,0],[0,0]],"o":[[0,0],[0,0],[0,0],[0,0]],"v":[[-1.581,87.747],[44.848,134.093],[98.37,-68.039],[51.949,-114.445]],"c":true}]},{"i":{"x":0.249,"y":1},"o":{"x":0.764,"y":0},"t":60,"s":[{"i":[[0,0],[0,0],[0,0],[0,0]],"o":[[0,0],[0,0],[0,0],[0,0]],"v":[[-1.581,87.747],[44.848,134.093],[98.37,-68.039],[51.949,-114.445]],"c":true}]},{"i":{"x":0,"y":1},"o":{"x":1,"y":0},"t":100,"s":[{"i":[[0,0],[0,0],[0,0],[0,0]],"o":[[0,0],[0,0],[0,0],[0,0]],"v":[[-70.55,181.122],[-4.934,181.125],[100.183,-0.852],[34.543,-0.851]],"c":true}]},{"i":{"x":0.249,"y":1},"o":{"x":0.764,"y":0},"t":120,"s":[{"i":[[0,0],[0,0],[0,0],[0,0]],"o":[[0,0],[0,0],[0,0],[0,0]],"v":[[-70.55,181.122],[-4.934,181.125],[100.183,-0.852],[34.543,-0.851]],"c":true}]},{"i":{"x":0,"y":1},"o":{"x":1,"y":0},"t":160,"s":[{"i":[[0,0],[0,0],[0,0],[0,0]],"o":[[0,0],[0,0],[0,0],[0,0]],"v":[[-151.116,59.588],[-104.901,13.408],[98.282,67.561],[51.823,113.965]],"c":true}]},{"i":{"x":0.249,"y":1},"o":{"x":0.764,"y":0},"t":180,"s":[{"i":[[0,0],[0,0],[0,0],[0,0]],"o":[[0,0],[0,0],[0,0],[0,0]],"v":[[-151.116,59.588],[-104.901,13.408],[98.282,67.561],[51.823,113.965]],"c":true}]},{"t":220,"s":[{"i":[[0,0],[0,0],[0,0],[0,0]],"o":[[0,0],[0,0],[0,0],[0,0]],"v":[[-271.834,-20.069],[-271.87,-85.686],[-91.061,19.717],[-91.083,85.059]],"c":true}]}],"ix":2},"nm":"Path 1","mn":"ADBE Vector Shape - Group","hd":false},{"ty":"st","c":{"a":0,"k":[1,0.9764705882352941,0.32941176470588235,1],"ix":3},"o":{"a":0,"k":100,"ix":4},"w":{"a":0,"k":5,"ix":5},"lc":2,"lj":2,"bm":0,"nm":"Stroke 1","mn":"ADBE Vector Graphic - Stroke","hd":false},{"ty":"fl","c":{"a":0,"k":[0.10196078431372549,0.10588235294117647,0.21568627450980393,1],"ix":4},"o":{"a":0,"k":100,"ix":5},"r":1,"bm":0,"nm":"Fill 1","mn":"ADBE Vector Graphic - Fill","hd":false},{"ty":"tr","p":{"a":0,"k":[284.337,97.873],"ix":2},"a":{"a":0,"k":[0,0],"ix":1},"s":{"a":0,"k":[100,100],"ix":3},"r":{"a":0,"k":0,"ix":6},"o":{"a":0,"k":100,"ix":7},"sk":{"a":0,"k":0,"ix":4},"sa":{"a":0,"k":0,"ix":5},"nm":"Transform"}],"nm":"Left Panel 2","np":3,"cix":2,"bm":0,"ix":1,"mn":"ADBE Vector Group","hd":false}],"ip":0,"op":80,"st":0,"bm":0},{"ddd":0,"ind":11,"ty":4,"nm":"Right 2","sr":1,"ks":{"o":{"a":0,"k":100,"ix":11},"r":{"a":1,"k":[{"i":{"x":[0.249],"y":[1]},"o":{"x":[0.764],"y":[0]},"t":0,"s":[0]},{"i":{"x":[0],"y":[1]},"o":{"x":[1],"y":[0]},"t":40,"s":[45]},{"i":{"x":[0.249],"y":[1]},"o":{"x":[0.764],"y":[0]},"t":60,"s":[45]},{"i":{"x":[0],"y":[1]},"o":{"x":[1],"y":[0]},"t":100,"s":[90]},{"i":{"x":[0.249],"y":[1]},"o":{"x":[0.764],"y":[0]},"t":120,"s":[90]},{"i":{"x":[0],"y":[1]},"o":{"x":[1],"y":[0]},"t":160,"s":[135]},{"i":{"x":[0.249],"y":[1]},"o":{"x":[0.764],"y":[0]},"t":180,"s":[135]},{"t":220,"s":[180]}],"ix":10},"p":{"a":0,"k":[400.651,246.972,0],"ix":2},"a":{"a":0,"k":[194.595,97.698,0],"ix":1},"s":{"a":0,"k":[100,100,100],"ix":6}},"ao":0,"shapes":[{"ty":"gr","it":[{"ind":0,"ty":"sh","ix":1,"ks":{"a":1,"k":[{"i":{"x":0.249,"y":1},"o":{"x":0.764,"y":0},"t":0,"s":[{"i":[[0,0],[0,0],[0,0],[0,0]],"o":[[0,0],[0,0],[0,0],[0,0]],"v":[[91.641,-85.411],[91.637,-20.022],[-90.459,85.374],[-90.329,19.689]],"c":true}]},{"i":{"x":0,"y":1},"o":{"x":1,"y":0},"t":40,"s":[{"i":[[0,0],[0,0],[0,0],[0,0]],"o":[[0,0],[0,0],[0,0],[0,0]],"v":[[233.527,-113.982],[279.949,-67.575],[77.634,-14.262],[31.404,-60.458]],"c":true}]},{"i":{"x":0.249,"y":1},"o":{"x":0.764,"y":0},"t":60,"s":[{"i":[[0,0],[0,0],[0,0],[0,0]],"o":[[0,0],[0,0],[0,0],[0,0]],"v":[[233.527,-113.982],[279.949,-67.575],[77.634,-14.262],[31.404,-60.458]],"c":true}]},{"i":{"x":0,"y":1},"o":{"x":1,"y":0},"t":100,"s":[{"i":[[0,0],[0,0],[0,0],[0,0]],"o":[[0,0],[0,0],[0,0],[0,0]],"v":[[216.558,-0.201],[282.199,-0.2],[177.134,-180.981],[111.467,-180.989]],"c":true}]},{"i":{"x":0.249,"y":1},"o":{"x":0.764,"y":0},"t":120,"s":[{"i":[[0,0],[0,0],[0,0],[0,0]],"o":[[0,0],[0,0],[0,0],[0,0]],"v":[[216.558,-0.201],[282.199,-0.2],[177.134,-180.981],[111.467,-180.989]],"c":true}]},{"i":{"x":0,"y":1},"o":{"x":1,"y":0},"t":160,"s":[{"i":[[0,0],[0,0],[0,0],[0,0]],"o":[[0,0],[0,0],[0,0],[0,0]],"v":[[234.368,114.439],[280.696,68.035],[226.366,-134.931],[179.924,-88.535]],"c":true}]},{"i":{"x":0.249,"y":1},"o":{"x":0.764,"y":0},"t":180,"s":[{"i":[[0,0],[0,0],[0,0],[0,0]],"o":[[0,0],[0,0],[0,0],[0,0]],"v":[[234.368,114.439],[280.696,68.035],[226.366,-134.931],[179.924,-88.535]],"c":true}]},{"t":220,"s":[{"i":[[0,0],[0,0],[0,0],[0,0]],"o":[[0,0],[0,0],[0,0],[0,0]],"v":[[91.618,85.033],[91.602,19.723],[273.554,-85.681],[273.58,-20.035]],"c":true}]}],"ix":2},"nm":"Path 1","mn":"ADBE Vector Shape - Group","hd":false},{"ty":"st","c":{"a":0,"k":[1,0.9764705882352941,0.32941176470588235,1],"ix":3},"o":{"a":0,"k":100,"ix":4},"w":{"a":0,"k":5,"ix":5},"lc":2,"lj":2,"bm":0,"nm":"Stroke 1","mn":"ADBE Vector Graphic - Stroke","hd":false},{"ty":"fl","c":{"a":0,"k":[0.10196078431372549,0.10588235294117647,0.21568627450980393,1],"ix":4},"o":{"a":0,"k":100,"ix":5},"r":1,"bm":0,"nm":"Fill 1","mn":"ADBE Vector Graphic - Fill","hd":false},{"ty":"tr","p":{"a":0,"k":[102.959,97.874],"ix":2},"a":{"a":0,"k":[0,0],"ix":1},"s":{"a":0,"k":[100,100],"ix":3},"r":{"a":0,"k":0,"ix":6},"o":{"a":0,"k":100,"ix":7},"sk":{"a":0,"k":0,"ix":4},"sa":{"a":0,"k":0,"ix":5},"nm":"Transform"}],"nm":"Right Panel 2","np":3,"cix":2,"bm":0,"ix":1,"mn":"ADBE Vector Group","hd":false}],"ip":0,"op":80,"st":0,"bm":0}]},{"id":"comp_3","layers":[{"ddd":0,"ind":1,"ty":4,"nm":"Top","sr":1,"ks":{"o":{"a":0,"k":100,"ix":11},"r":{"a":1,"k":[{"i":{"x":[0],"y":[1]},"o":{"x":[1],"y":[0]},"t":0,"s":[0]},{"i":{"x":[0],"y":[1]},"o":{"x":[1],"y":[0]},"t":40,"s":[-45]},{"i":{"x":[0],"y":[1]},"o":{"x":[1],"y":[0]},"t":60,"s":[-45]},{"i":{"x":[0],"y":[1]},"o":{"x":[1],"y":[0]},"t":100,"s":[-90]},{"i":{"x":[0],"y":[1]},"o":{"x":[1],"y":[0]},"t":120,"s":[-90]},{"i":{"x":[0],"y":[1]},"o":{"x":[1],"y":[0]},"t":160,"s":[-135]},{"i":{"x":[0],"y":[1]},"o":{"x":[1],"y":[0]},"t":180,"s":[-135]},{"t":220,"s":[-180]}],"ix":10},"p":{"a":0,"k":[400.063,266.85,0],"ix":2},"a":{"a":0,"k":[194.007,117.576,0],"ix":1},"s":{"a":0,"k":[100,100,100],"ix":6}},"ao":0,"shapes":[{"ty":"gr","it":[{"ind":0,"ty":"sh","ix":1,"ks":{"a":1,"k":[{"i":{"x":0,"y":1},"o":{"x":1,"y":0},"t":0,"s":[{"i":[[0,0],[0,0],[0,0],[0,0]],"o":[[0,0],[0,0],[0,0],[0,0]],"v":[[181.378,-0.001],[0.591,105.061],[-181.378,0],[0.591,-105.098]],"c":true}]},{"i":{"x":0,"y":1},"o":{"x":1,"y":0},"t":40,"s":[{"i":[[0,0],[0,0],[0,0],[0,0]],"o":[[0,0],[0,0],[0,0],[0,0]],"v":[[74.782,-73.894],[128.312,128.396],[-73.854,74.732],[-128.235,-128.256]],"c":true}]},{"i":{"x":0,"y":1},"o":{"x":1,"y":0},"t":60,"s":[{"i":[[0,0],[0,0],[0,0],[0,0]],"o":[[0,0],[0,0],[0,0],[0,0]],"v":[[74.782,-73.894],[128.312,128.396],[-73.854,74.732],[-128.235,-128.256]],"c":true}]},{"i":{"x":0,"y":1},"o":{"x":1,"y":0},"t":100,"s":[{"i":[[0,0],[0,0],[0,0],[0,0]],"o":[[0,0],[0,0],[0,0],[0,0]],"v":[[0,-181.362],[105.156,0.614],[-0.041,181.42],[-105.048,0.65]],"c":true}]},{"i":{"x":0,"y":1},"o":{"x":1,"y":0},"t":120,"s":[{"i":[[0,0],[0,0],[0,0],[0,0]],"o":[[0,0],[0,0],[0,0],[0,0]],"v":[[0,-181.362],[105.156,0.614],[-0.041,181.42],[-105.048,0.65]],"c":true}]},{"i":{"x":0,"y":1},"o":{"x":1,"y":0},"t":160,"s":[{"i":[[0,0],[0,0],[0,0],[0,0]],"o":[[0,0],[0,0],[0,0],[0,0]],"v":[[-74.71,-73.86],[128.22,-128.216],[73.918,74.757],[-128.272,128.305]],"c":true}]},{"i":{"x":0,"y":1},"o":{"x":1,"y":0},"t":180,"s":[{"i":[[0,0],[0,0],[0,0],[0,0]],"o":[[0,0],[0,0],[0,0],[0,0]],"v":[[-74.71,-73.86],[128.22,-128.216],[73.918,74.757],[-128.272,128.305]],"c":true}]},{"t":220,"s":[{"i":[[0,0],[0,0],[0,0],[0,0]],"o":[[0,0],[0,0],[0,0],[0,0]],"v":[[-181.397,0.015],[-0.623,-105.029],[181.387,0.007],[-0.615,105.149]],"c":true}]}],"ix":2},"nm":"Path 1","mn":"ADBE Vector Shape - Group","hd":false},{"ty":"st","c":{"a":0,"k":[1,0.9764705882352941,0.32941176470588235,1],"ix":3},"o":{"a":0,"k":100,"ix":4},"w":{"a":0,"k":5,"ix":5},"lc":2,"lj":2,"bm":0,"nm":"Stroke 1","mn":"ADBE Vector Graphic - Stroke","hd":false},{"ty":"fl","c":{"a":0,"k":[0.10196078431372549,0.10588235294117647,0.21568627450980393,1],"ix":4},"o":{"a":0,"k":100,"ix":5},"r":1,"bm":0,"nm":"Fill 1","mn":"ADBE Vector Graphic - Fill","hd":false},{"ty":"tr","p":{"a":0,"k":[194.009,117.561],"ix":2},"a":{"a":0,"k":[0,0],"ix":1},"s":{"a":0,"k":[100,100],"ix":3},"r":{"a":0,"k":0,"ix":6},"o":{"a":0,"k":100,"ix":7},"sk":{"a":0,"k":0,"ix":4},"sa":{"a":0,"k":0,"ix":5},"nm":"Transform"}],"nm":"Top Panel","np":3,"cix":2,"bm":0,"ix":1,"mn":"ADBE Vector Group","hd":false}],"ip":0,"op":480,"st":0,"bm":0},{"ddd":0,"ind":2,"ty":4,"nm":"Left 6","sr":1,"ks":{"o":{"a":0,"k":100,"ix":11},"r":{"a":1,"k":[{"i":{"x":[0],"y":[1]},"o":{"x":[1],"y":[0]},"t":0,"s":[0]},{"i":{"x":[0],"y":[1]},"o":{"x":[1],"y":[0]},"t":40,"s":[-45]},{"i":{"x":[0],"y":[1]},"o":{"x":[1],"y":[0]},"t":60,"s":[-45]},{"i":{"x":[0],"y":[1]},"o":{"x":[1],"y":[0]},"t":100,"s":[-90]},{"i":{"x":[0],"y":[1]},"o":{"x":[1],"y":[0]},"t":120,"s":[-90]},{"i":{"x":[0],"y":[1]},"o":{"x":[1],"y":[0]},"t":160,"s":[-135]},{"i":{"x":[0],"y":[1]},"o":{"x":[1],"y":[0]},"t":180,"s":[-135]},{"t":220,"s":[-180]}],"ix":10},"p":{"a":0,"k":[400.065,266.817,0],"ix":2},"a":{"a":0,"k":[194.009,117.543,0],"ix":1},"s":{"a":0,"k":[100,100,100],"ix":6}},"ao":0,"shapes":[{"ty":"gr","it":[{"ind":0,"ty":"sh","ix":1,"ks":{"a":1,"k":[{"i":{"x":0,"y":1},"o":{"x":1,"y":0},"t":0,"s":[{"i":[[0,0],[0,0],[0,0],[0,0]],"o":[[0,0],[0,0],[0,0],[0,0]],"v":[[-90.92,-85.372],[91.05,19.688],[91.045,85.363],[-91.05,-19.97]],"c":true}]},{"i":{"x":0,"y":1},"o":{"x":1,"y":0},"t":40,"s":[{"i":[[0,0],[0,0],[0,0],[0,0]],"o":[[0,0],[0,0],[0,0],[0,0]],"v":[[16.582,-10.706],[218.705,42.912],[172.34,89.274],[-29.819,35.736]],"c":true}]},{"i":{"x":0,"y":1},"o":{"x":1,"y":0},"t":60,"s":[{"i":[[0,0],[0,0],[0,0],[0,0]],"o":[[0,0],[0,0],[0,0],[0,0]],"v":[[16.582,-10.706],[218.705,42.912],[172.34,89.274],[-29.819,35.736]],"c":true}]},{"i":{"x":0,"y":1},"o":{"x":1,"y":0},"t":100,"s":[{"i":[[0,0],[0,0],[0,0],[0,0]],"o":[[0,0],[0,0],[0,0],[0,0]],"v":[[90.426,96.012],[195.517,-84.776],[130.153,-84.757],[24.775,96.018]],"c":true}]},{"i":{"x":0,"y":1},"o":{"x":1,"y":0},"t":120,"s":[{"i":[[0,0],[0,0],[0,0],[0,0]],"o":[[0,0],[0,0],[0,0],[0,0]],"v":[[90.426,96.012],[195.517,-84.776],[130.153,-84.757],[24.775,96.018]],"c":true}]},{"i":{"x":0,"y":1},"o":{"x":1,"y":0},"t":160,"s":[{"i":[[0,0],[0,0],[0,0],[0,0]],"o":[[0,0],[0,0],[0,0],[0,0]],"v":[[164.363,-10.672],[218.653,-213.712],[172.27,-260.076],[118.091,-56.872]],"c":true}]},{"i":{"x":0,"y":1},"o":{"x":1,"y":0},"t":180,"s":[{"i":[[0,0],[0,0],[0,0],[0,0]],"o":[[0,0],[0,0],[0,0],[0,0]],"v":[[164.363,-10.672],[218.653,-213.712],[172.27,-260.076],[118.091,-56.872]],"c":true}]},{"t":220,"s":[{"i":[[0,0],[0,0],[0,0],[0,0]],"o":[[0,0],[0,0],[0,0],[0,0]],"v":[[271.8,-85.454],[89.84,-190.494],[89.863,-256.107],[271.841,-150.997]],"c":true}]}],"ix":2},"nm":"Path 1","mn":"ADBE Vector Shape - Group","hd":false},{"ty":"st","c":{"a":0,"k":[1,0.9764705882352941,0.32941176470588235,1],"ix":3},"o":{"a":0,"k":100,"ix":4},"w":{"a":0,"k":5,"ix":5},"lc":2,"lj":2,"bm":0,"nm":"Stroke 1","mn":"ADBE Vector Graphic - Stroke","hd":false},{"ty":"fl","c":{"a":0,"k":[0.10196078431372549,0.10588235294117647,0.21568627450980393,1],"ix":4},"o":{"a":0,"k":100,"ix":5},"r":1,"bm":0,"nm":"Fill 1","mn":"ADBE Vector Graphic - Fill","hd":false},{"ty":"tr","p":{"a":0,"k":[103.551,202.934],"ix":2},"a":{"a":0,"k":[0,0],"ix":1},"s":{"a":0,"k":[100,100],"ix":3},"r":{"a":0,"k":0,"ix":6},"o":{"a":0,"k":100,"ix":7},"sk":{"a":0,"k":0,"ix":4},"sa":{"a":0,"k":0,"ix":5},"nm":"Transform"}],"nm":"Left Panel","np":3,"cix":2,"bm":0,"ix":1,"mn":"ADBE Vector Group","hd":false}],"ip":200,"op":480,"st":0,"bm":0},{"ddd":0,"ind":3,"ty":4,"nm":"Right 6","sr":1,"ks":{"o":{"a":0,"k":100,"ix":11},"r":{"a":1,"k":[{"i":{"x":[0],"y":[1]},"o":{"x":[1],"y":[0]},"t":0,"s":[0]},{"i":{"x":[0],"y":[1]},"o":{"x":[1],"y":[0]},"t":40,"s":[-45]},{"i":{"x":[0],"y":[1]},"o":{"x":[1],"y":[0]},"t":60,"s":[-45]},{"i":{"x":[0],"y":[1]},"o":{"x":[1],"y":[0]},"t":100,"s":[-90]},{"i":{"x":[0],"y":[1]},"o":{"x":[1],"y":[0]},"t":120,"s":[-90]},{"i":{"x":[0],"y":[1]},"o":{"x":[1],"y":[0]},"t":160,"s":[-135]},{"i":{"x":[0],"y":[1]},"o":{"x":[1],"y":[0]},"t":180,"s":[-135]},{"t":220,"s":[-180]}],"ix":10},"p":{"a":0,"k":[400.651,266.834,0],"ix":2},"a":{"a":0,"k":[194.595,117.56,0],"ix":1},"s":{"a":0,"k":[100,100,100],"ix":6}},"ao":0,"shapes":[{"ty":"gr","it":[{"ind":0,"ty":"sh","ix":1,"ks":{"a":1,"k":[{"i":{"x":0,"y":1},"o":{"x":1,"y":0},"t":0,"s":[{"i":[[0,0],[0,0],[0,0],[0,0]],"o":[[0,0],[0,0],[0,0],[0,0]],"v":[[90.458,-85.373],[90.329,-19.97],[-90.334,85.363],[-90.329,19.689]],"c":true}]},{"i":{"x":0,"y":1},"o":{"x":1,"y":0},"t":40,"s":[{"i":[[0,0],[0,0],[0,0],[0,0]],"o":[[0,0],[0,0],[0,0],[0,0]],"v":[[-16.027,-159.641],[-62.229,-113.441],[-8.928,88.899],[37.503,42.515]],"c":true}]},{"i":{"x":0,"y":1},"o":{"x":1,"y":0},"t":60,"s":[{"i":[[0,0],[0,0],[0,0],[0,0]],"o":[[0,0],[0,0],[0,0],[0,0]],"v":[[-16.027,-159.641],[-62.229,-113.441],[-8.928,88.899],[37.503,42.515]],"c":true}]},{"i":{"x":0,"y":1},"o":{"x":1,"y":0},"t":100,"s":[{"i":[[0,0],[0,0],[0,0],[0,0]],"o":[[0,0],[0,0],[0,0],[0,0]],"v":[[-90.371,-267.36],[-155.979,-267.316],[-50.615,-85.351],[14.753,-85.36]],"c":true}]},{"i":{"x":0,"y":1},"o":{"x":1,"y":0},"t":120,"s":[{"i":[[0,0],[0,0],[0,0],[0,0]],"o":[[0,0],[0,0],[0,0],[0,0]],"v":[[-90.371,-267.36],[-155.979,-267.316],[-50.615,-85.351],[14.753,-85.36]],"c":true}]},{"i":{"x":0,"y":1},"o":{"x":1,"y":0},"t":160,"s":[{"i":[[0,0],[0,0],[0,0],[0,0]],"o":[[0,0],[0,0],[0,0],[0,0]],"v":[[-164.639,-159.681],[-211.067,-206.085],[-8.078,-260.471],[38.331,-214.031]],"c":true}]},{"i":{"x":0,"y":1},"o":{"x":1,"y":0},"t":180,"s":[{"i":[[0,0],[0,0],[0,0],[0,0]],"o":[[0,0],[0,0],[0,0],[0,0]],"v":[[-164.639,-159.681],[-211.067,-206.085],[-8.078,-260.471],[38.331,-214.031]],"c":true}]},{"t":220,"s":[{"i":[[0,0],[0,0],[0,0],[0,0]],"o":[[0,0],[0,0],[0,0],[0,0]],"v":[[-271.108,-85.368],[-271.129,-151.022],[-90.36,-256.096],[-90.357,-190.406]],"c":true}]}],"ix":2},"nm":"Path 1","mn":"ADBE Vector Shape - Group","hd":false},{"ty":"st","c":{"a":0,"k":[1,0.9764705882352941,0.32941176470588235,1],"ix":3},"o":{"a":0,"k":100,"ix":4},"w":{"a":0,"k":5,"ix":5},"lc":2,"lj":2,"bm":0,"nm":"Stroke 1","mn":"ADBE Vector Graphic - Stroke","hd":false},{"ty":"fl","c":{"a":0,"k":[0.10196078431372549,0.10588235294117647,0.21568627450980393,1],"ix":4},"o":{"a":0,"k":100,"ix":5},"r":1,"bm":0,"nm":"Fill 1","mn":"ADBE Vector Graphic - Fill","hd":false},{"ty":"tr","p":{"a":0,"k":[284.929,202.933],"ix":2},"a":{"a":0,"k":[0,0],"ix":1},"s":{"a":0,"k":[100,100],"ix":3},"r":{"a":0,"k":0,"ix":6},"o":{"a":0,"k":100,"ix":7},"sk":{"a":0,"k":0,"ix":4},"sa":{"a":0,"k":0,"ix":5},"nm":"Transform"}],"nm":"Right Panel","np":3,"cix":2,"bm":0,"ix":1,"mn":"ADBE Vector Group","hd":false}],"ip":140,"op":480,"st":0,"bm":0},{"ddd":0,"ind":4,"ty":4,"nm":"Left 5","sr":1,"ks":{"o":{"a":0,"k":100,"ix":11},"r":{"a":1,"k":[{"i":{"x":[0],"y":[1]},"o":{"x":[1],"y":[0]},"t":0,"s":[0]},{"i":{"x":[0],"y":[1]},"o":{"x":[1],"y":[0]},"t":40,"s":[-45]},{"i":{"x":[0],"y":[1]},"o":{"x":[1],"y":[0]},"t":60,"s":[-45]},{"i":{"x":[0],"y":[1]},"o":{"x":[1],"y":[0]},"t":100,"s":[-90]},{"i":{"x":[0],"y":[1]},"o":{"x":[1],"y":[0]},"t":120,"s":[-90]},{"i":{"x":[0],"y":[1]},"o":{"x":[1],"y":[0]},"t":160,"s":[-135]},{"i":{"x":[0],"y":[1]},"o":{"x":[1],"y":[0]},"t":180,"s":[-135]},{"t":220,"s":[-180]}],"ix":10},"p":{"a":0,"k":[400,246.972,0],"ix":2},"a":{"a":0,"k":[193.944,97.698,0],"ix":1},"s":{"a":0,"k":[100,100,100],"ix":6}},"ao":0,"shapes":[{"ty":"gr","it":[{"ind":0,"ty":"sh","ix":1,"ks":{"a":1,"k":[{"i":{"x":0,"y":1},"o":{"x":1,"y":0},"t":0,"s":[{"i":[[0,0],[0,0],[0,0],[0,0]],"o":[[0,0],[0,0],[0,0],[0,0]],"v":[[91.05,19.688],[90.92,85.06],[-89.742,-20.023],[-89.737,-85.41]],"c":true}]},{"i":{"x":0,"y":1},"o":{"x":1,"y":0},"t":40,"s":[{"i":[[0,0],[0,0],[0,0],[0,0]],"o":[[0,0],[0,0],[0,0],[0,0]],"v":[[-29.666,-59.928],[-75.847,-13.736],[-279.048,-67.907],[-232.661,-114.313]],"c":true}]},{"i":{"x":0,"y":1},"o":{"x":1,"y":0},"t":60,"s":[{"i":[[0,0],[0,0],[0,0],[0,0]],"o":[[0,0],[0,0],[0,0],[0,0]],"v":[[-29.666,-59.928],[-75.847,-13.736],[-279.048,-67.907],[-232.661,-114.313]],"c":true}]},{"i":{"x":0,"y":1},"o":{"x":1,"y":0},"t":100,"s":[{"i":[[0,0],[0,0],[0,0],[0,0]],"o":[[0,0],[0,0],[0,0],[0,0]],"v":[[-110.291,-181.491],[-175.878,-181.455],[-280.954,0.468],[-215.317,0.5]],"c":true}]},{"i":{"x":0,"y":1},"o":{"x":1,"y":0},"t":120,"s":[{"i":[[0,0],[0,0],[0,0],[0,0]],"o":[[0,0],[0,0],[0,0],[0,0]],"v":[[-110.291,-181.491],[-175.878,-181.455],[-280.954,0.468],[-215.317,0.5]],"c":true}]},{"i":{"x":0,"y":1},"o":{"x":1,"y":0},"t":160,"s":[{"i":[[0,0],[0,0],[0,0],[0,0]],"o":[[0,0],[0,0],[0,0],[0,0]],"v":[[-179.234,-88.064],[-225.618,-134.454],[-279.142,67.687],[-232.774,114.079]],"c":true}]},{"i":{"x":0,"y":1},"o":{"x":1,"y":0},"t":180,"s":[{"i":[[0,0],[0,0],[0,0],[0,0]],"o":[[0,0],[0,0],[0,0],[0,0]],"v":[[-179.234,-88.064],[-225.618,-134.454],[-279.142,67.687],[-232.774,114.079]],"c":true}]},{"t":220,"s":[{"i":[[0,0],[0,0],[0,0],[0,0]],"o":[[0,0],[0,0],[0,0],[0,0]],"v":[[-271.828,-20.064],[-271.837,-85.673],[-91.08,19.719],[-91.087,85.048]],"c":true}]}],"ix":2},"nm":"Path 1","mn":"ADBE Vector Shape - Group","hd":false},{"ty":"st","c":{"a":0,"k":[1,0.9764705882352941,0.32941176470588235,1],"ix":3},"o":{"a":0,"k":100,"ix":4},"w":{"a":0,"k":5,"ix":5},"lc":2,"lj":2,"bm":0,"nm":"Stroke 1","mn":"ADBE Vector Graphic - Stroke","hd":false},{"ty":"fl","c":{"a":0,"k":[0.10196078431372549,0.10588235294117647,0.21568627450980393,1],"ix":4},"o":{"a":0,"k":100,"ix":5},"r":1,"bm":0,"nm":"Fill 1","mn":"ADBE Vector Graphic - Fill","hd":false},{"ty":"tr","p":{"a":0,"k":[284.337,97.873],"ix":2},"a":{"a":0,"k":[0,0],"ix":1},"s":{"a":0,"k":[100,100],"ix":3},"r":{"a":0,"k":0,"ix":6},"o":{"a":0,"k":100,"ix":7},"sk":{"a":0,"k":0,"ix":4},"sa":{"a":0,"k":0,"ix":5},"nm":"Transform"}],"nm":"Left Panel 2","np":3,"cix":2,"bm":0,"ix":1,"mn":"ADBE Vector Group","hd":false}],"ip":80,"op":480,"st":0,"bm":0},{"ddd":0,"ind":5,"ty":4,"nm":"Right 5","sr":1,"ks":{"o":{"a":0,"k":100,"ix":11},"r":{"a":1,"k":[{"i":{"x":[0],"y":[1]},"o":{"x":[1],"y":[0]},"t":0,"s":[0]},{"i":{"x":[0],"y":[1]},"o":{"x":[1],"y":[0]},"t":40,"s":[-45]},{"i":{"x":[0],"y":[1]},"o":{"x":[1],"y":[0]},"t":60,"s":[-45]},{"i":{"x":[0],"y":[1]},"o":{"x":[1],"y":[0]},"t":100,"s":[-90]},{"i":{"x":[0],"y":[1]},"o":{"x":[1],"y":[0]},"t":120,"s":[-90]},{"i":{"x":[0],"y":[1]},"o":{"x":[1],"y":[0]},"t":160,"s":[-135]},{"i":{"x":[0],"y":[1]},"o":{"x":[1],"y":[0]},"t":180,"s":[-135]},{"t":220,"s":[-180]}],"ix":10},"p":{"a":0,"k":[400.651,246.972,0],"ix":2},"a":{"a":0,"k":[194.595,97.698,0],"ix":1},"s":{"a":0,"k":[100,100,100],"ix":6}},"ao":0,"shapes":[{"ty":"gr","it":[{"ind":0,"ty":"sh","ix":1,"ks":{"a":1,"k":[{"i":{"x":0,"y":1},"o":{"x":1,"y":0},"t":0,"s":[{"i":[[0,0],[0,0],[0,0],[0,0]],"o":[[0,0],[0,0],[0,0],[0,0]],"v":[[91.641,-85.411],[91.637,-20.022],[-90.459,85.374],[-90.329,19.689]],"c":true}]},{"i":{"x":0,"y":1},"o":{"x":1,"y":0},"t":40,"s":[{"i":[[0,0],[0,0],[0,0],[0,0]],"o":[[0,0],[0,0],[0,0],[0,0]],"v":[[-51.084,-114.778],[-97.447,-68.393],[-43.104,134.584],[3.253,88.167]],"c":true}]},{"i":{"x":0,"y":1},"o":{"x":1,"y":0},"t":60,"s":[{"i":[[0,0],[0,0],[0,0],[0,0]],"o":[[0,0],[0,0],[0,0],[0,0]],"v":[[-51.084,-114.778],[-97.447,-68.393],[-43.104,134.584],[3.253,88.167]],"c":true}]},{"i":{"x":0,"y":1},"o":{"x":1,"y":0},"t":100,"s":[{"i":[[0,0],[0,0],[0,0],[0,0]],"o":[[0,0],[0,0],[0,0],[0,0]],"v":[[-33.303,-0.184],[-98.947,-0.143],[6.114,180.615],[71.721,180.636]],"c":true}]},{"i":{"x":0,"y":1},"o":{"x":1,"y":0},"t":120,"s":[{"i":[[0,0],[0,0],[0,0],[0,0]],"o":[[0,0],[0,0],[0,0],[0,0]],"v":[[-33.303,-0.184],[-98.947,-0.143],[6.114,180.615],[71.721,180.636]],"c":true}]},{"i":{"x":0,"y":1},"o":{"x":1,"y":0},"t":160,"s":[{"i":[[0,0],[0,0],[0,0],[0,0]],"o":[[0,0],[0,0],[0,0],[0,0]],"v":[[-50.273,113.572],[-96.671,67.187],[105.662,13.848],[151.867,60.052]],"c":true}]},{"i":{"x":0,"y":1},"o":{"x":1,"y":0},"t":180,"s":[{"i":[[0,0],[0,0],[0,0],[0,0]],"o":[[0,0],[0,0],[0,0],[0,0]],"v":[[-50.273,113.572],[-96.671,67.187],[105.662,13.848],[151.867,60.052]],"c":true}]},{"t":220,"s":[{"i":[[0,0],[0,0],[0,0],[0,0]],"o":[[0,0],[0,0],[0,0],[0,0]],"v":[[91.633,85.009],[91.61,19.687],[273.568,-85.714],[273.555,-20.041]],"c":true}]}],"ix":2},"nm":"Path 1","mn":"ADBE Vector Shape - Group","hd":false},{"ty":"st","c":{"a":0,"k":[1,0.9764705882352941,0.32941176470588235,1],"ix":3},"o":{"a":0,"k":100,"ix":4},"w":{"a":0,"k":5,"ix":5},"lc":2,"lj":2,"bm":0,"nm":"Stroke 1","mn":"ADBE Vector Graphic - Stroke","hd":false},{"ty":"fl","c":{"a":0,"k":[0.10196078431372549,0.10588235294117647,0.21568627450980393,1],"ix":4},"o":{"a":0,"k":100,"ix":5},"r":1,"bm":0,"nm":"Fill 1","mn":"ADBE Vector Graphic - Fill","hd":false},{"ty":"tr","p":{"a":0,"k":[102.959,97.874],"ix":2},"a":{"a":0,"k":[0,0],"ix":1},"s":{"a":0,"k":[100,100],"ix":3},"r":{"a":0,"k":0,"ix":6},"o":{"a":0,"k":100,"ix":7},"sk":{"a":0,"k":0,"ix":4},"sa":{"a":0,"k":0,"ix":5},"nm":"Transform"}],"nm":"Right Panel 2","np":3,"cix":2,"bm":0,"ix":1,"mn":"ADBE Vector Group","hd":false}],"ip":20,"op":480,"st":0,"bm":0},{"ddd":0,"ind":6,"ty":4,"nm":"Left ","sr":1,"ks":{"o":{"a":0,"k":100,"ix":11},"r":{"a":1,"k":[{"i":{"x":[0],"y":[1]},"o":{"x":[1],"y":[0]},"t":0,"s":[0]},{"i":{"x":[0],"y":[1]},"o":{"x":[1],"y":[0]},"t":40,"s":[-45]},{"i":{"x":[0],"y":[1]},"o":{"x":[1],"y":[0]},"t":60,"s":[-45]},{"i":{"x":[0],"y":[1]},"o":{"x":[1],"y":[0]},"t":100,"s":[-90]},{"i":{"x":[0],"y":[1]},"o":{"x":[1],"y":[0]},"t":120,"s":[-90]},{"i":{"x":[0],"y":[1]},"o":{"x":[1],"y":[0]},"t":160,"s":[-135]},{"i":{"x":[0],"y":[1]},"o":{"x":[1],"y":[0]},"t":180,"s":[-135]},{"t":220,"s":[-180]}],"ix":10},"p":{"a":0,"k":[400.065,266.817,0],"ix":2},"a":{"a":0,"k":[194.009,117.543,0],"ix":1},"s":{"a":0,"k":[100,100,100],"ix":6}},"ao":0,"shapes":[{"ty":"gr","it":[{"ind":0,"ty":"sh","ix":1,"ks":{"a":1,"k":[{"i":{"x":0,"y":1},"o":{"x":1,"y":0},"t":0,"s":[{"i":[[0,0],[0,0],[0,0],[0,0]],"o":[[0,0],[0,0],[0,0],[0,0]],"v":[[-90.92,-85.372],[91.05,19.688],[91.045,85.363],[-91.05,-19.97]],"c":true}]},{"i":{"x":0,"y":1},"o":{"x":1,"y":0},"t":40,"s":[{"i":[[0,0],[0,0],[0,0],[0,0]],"o":[[0,0],[0,0],[0,0],[0,0]],"v":[[16.582,-10.706],[218.705,42.912],[172.34,89.274],[-29.819,35.736]],"c":true}]},{"i":{"x":0,"y":1},"o":{"x":1,"y":0},"t":60,"s":[{"i":[[0,0],[0,0],[0,0],[0,0]],"o":[[0,0],[0,0],[0,0],[0,0]],"v":[[16.582,-10.706],[218.705,42.912],[172.34,89.274],[-29.819,35.736]],"c":true}]},{"i":{"x":0,"y":1},"o":{"x":1,"y":0},"t":100,"s":[{"i":[[0,0],[0,0],[0,0],[0,0]],"o":[[0,0],[0,0],[0,0],[0,0]],"v":[[90.426,96.012],[195.517,-84.776],[130.153,-84.757],[24.775,96.018]],"c":true}]},{"i":{"x":0,"y":1},"o":{"x":1,"y":0},"t":120,"s":[{"i":[[0,0],[0,0],[0,0],[0,0]],"o":[[0,0],[0,0],[0,0],[0,0]],"v":[[90.426,96.012],[195.517,-84.776],[130.153,-84.757],[24.775,96.018]],"c":true}]},{"i":{"x":0,"y":1},"o":{"x":1,"y":0},"t":160,"s":[{"i":[[0,0],[0,0],[0,0],[0,0]],"o":[[0,0],[0,0],[0,0],[0,0]],"v":[[164.363,-10.672],[218.653,-213.712],[172.27,-260.076],[118.091,-56.872]],"c":true}]},{"i":{"x":0,"y":1},"o":{"x":1,"y":0},"t":180,"s":[{"i":[[0,0],[0,0],[0,0],[0,0]],"o":[[0,0],[0,0],[0,0],[0,0]],"v":[[164.363,-10.672],[218.653,-213.712],[172.27,-260.076],[118.091,-56.872]],"c":true}]},{"t":220,"s":[{"i":[[0,0],[0,0],[0,0],[0,0]],"o":[[0,0],[0,0],[0,0],[0,0]],"v":[[271.8,-85.454],[89.84,-190.494],[89.863,-256.107],[271.841,-150.997]],"c":true}]}],"ix":2},"nm":"Path 1","mn":"ADBE Vector Shape - Group","hd":false},{"ty":"st","c":{"a":0,"k":[1,0.9764705882352941,0.32941176470588235,1],"ix":3},"o":{"a":0,"k":100,"ix":4},"w":{"a":0,"k":5,"ix":5},"lc":2,"lj":2,"bm":0,"nm":"Stroke 1","mn":"ADBE Vector Graphic - Stroke","hd":false},{"ty":"fl","c":{"a":0,"k":[0.10196078431372549,0.10588235294117647,0.21568627450980393,1],"ix":4},"o":{"a":0,"k":100,"ix":5},"r":1,"bm":0,"nm":"Fill 1","mn":"ADBE Vector Graphic - Fill","hd":false},{"ty":"tr","p":{"a":0,"k":[103.551,202.934],"ix":2},"a":{"a":0,"k":[0,0],"ix":1},"s":{"a":0,"k":[100,100],"ix":3},"r":{"a":0,"k":0,"ix":6},"o":{"a":0,"k":100,"ix":7},"sk":{"a":0,"k":0,"ix":4},"sa":{"a":0,"k":0,"ix":5},"nm":"Transform"}],"nm":"Left Panel","np":3,"cix":2,"bm":0,"ix":1,"mn":"ADBE Vector Group","hd":false}],"ip":0,"op":200,"st":0,"bm":0},{"ddd":0,"ind":7,"ty":4,"nm":"Right","sr":1,"ks":{"o":{"a":0,"k":100,"ix":11},"r":{"a":1,"k":[{"i":{"x":[0],"y":[1]},"o":{"x":[1],"y":[0]},"t":0,"s":[0]},{"i":{"x":[0],"y":[1]},"o":{"x":[1],"y":[0]},"t":40,"s":[-45]},{"i":{"x":[0],"y":[1]},"o":{"x":[1],"y":[0]},"t":60,"s":[-45]},{"i":{"x":[0],"y":[1]},"o":{"x":[1],"y":[0]},"t":100,"s":[-90]},{"i":{"x":[0],"y":[1]},"o":{"x":[1],"y":[0]},"t":120,"s":[-90]},{"i":{"x":[0],"y":[1]},"o":{"x":[1],"y":[0]},"t":160,"s":[-135]},{"i":{"x":[0],"y":[1]},"o":{"x":[1],"y":[0]},"t":180,"s":[-135]},{"t":220,"s":[-180]}],"ix":10},"p":{"a":0,"k":[400.651,266.834,0],"ix":2},"a":{"a":0,"k":[194.595,117.56,0],"ix":1},"s":{"a":0,"k":[100,100,100],"ix":6}},"ao":0,"shapes":[{"ty":"gr","it":[{"ind":0,"ty":"sh","ix":1,"ks":{"a":1,"k":[{"i":{"x":0,"y":1},"o":{"x":1,"y":0},"t":0,"s":[{"i":[[0,0],[0,0],[0,0],[0,0]],"o":[[0,0],[0,0],[0,0],[0,0]],"v":[[90.458,-85.373],[90.329,-19.97],[-90.334,85.363],[-90.329,19.689]],"c":true}]},{"i":{"x":0,"y":1},"o":{"x":1,"y":0},"t":40,"s":[{"i":[[0,0],[0,0],[0,0],[0,0]],"o":[[0,0],[0,0],[0,0],[0,0]],"v":[[-16.027,-159.641],[-62.229,-113.441],[-8.928,88.899],[37.503,42.515]],"c":true}]},{"i":{"x":0,"y":1},"o":{"x":1,"y":0},"t":60,"s":[{"i":[[0,0],[0,0],[0,0],[0,0]],"o":[[0,0],[0,0],[0,0],[0,0]],"v":[[-16.027,-159.641],[-62.229,-113.441],[-8.928,88.899],[37.503,42.515]],"c":true}]},{"i":{"x":0,"y":1},"o":{"x":1,"y":0},"t":100,"s":[{"i":[[0,0],[0,0],[0,0],[0,0]],"o":[[0,0],[0,0],[0,0],[0,0]],"v":[[-90.371,-267.36],[-155.979,-267.316],[-50.615,-85.351],[14.753,-85.36]],"c":true}]},{"i":{"x":0,"y":1},"o":{"x":1,"y":0},"t":120,"s":[{"i":[[0,0],[0,0],[0,0],[0,0]],"o":[[0,0],[0,0],[0,0],[0,0]],"v":[[-90.371,-267.36],[-155.979,-267.316],[-50.615,-85.351],[14.753,-85.36]],"c":true}]},{"i":{"x":0,"y":1},"o":{"x":1,"y":0},"t":160,"s":[{"i":[[0,0],[0,0],[0,0],[0,0]],"o":[[0,0],[0,0],[0,0],[0,0]],"v":[[-164.639,-159.681],[-211.067,-206.085],[-8.078,-260.471],[38.331,-214.031]],"c":true}]},{"i":{"x":0,"y":1},"o":{"x":1,"y":0},"t":180,"s":[{"i":[[0,0],[0,0],[0,0],[0,0]],"o":[[0,0],[0,0],[0,0],[0,0]],"v":[[-164.639,-159.681],[-211.067,-206.085],[-8.078,-260.471],[38.331,-214.031]],"c":true}]},{"t":220,"s":[{"i":[[0,0],[0,0],[0,0],[0,0]],"o":[[0,0],[0,0],[0,0],[0,0]],"v":[[-271.108,-85.368],[-271.129,-151.022],[-90.36,-256.096],[-90.357,-190.406]],"c":true}]}],"ix":2},"nm":"Path 1","mn":"ADBE Vector Shape - Group","hd":false},{"ty":"st","c":{"a":0,"k":[1,0.9764705882352941,0.32941176470588235,1],"ix":3},"o":{"a":0,"k":100,"ix":4},"w":{"a":0,"k":5,"ix":5},"lc":2,"lj":2,"bm":0,"nm":"Stroke 1","mn":"ADBE Vector Graphic - Stroke","hd":false},{"ty":"fl","c":{"a":0,"k":[0.10196078431372549,0.10588235294117647,0.21568627450980393,1],"ix":4},"o":{"a":0,"k":100,"ix":5},"r":1,"bm":0,"nm":"Fill 1","mn":"ADBE Vector Graphic - Fill","hd":false},{"ty":"tr","p":{"a":0,"k":[284.929,202.933],"ix":2},"a":{"a":0,"k":[0,0],"ix":1},"s":{"a":0,"k":[100,100],"ix":3},"r":{"a":0,"k":0,"ix":6},"o":{"a":0,"k":100,"ix":7},"sk":{"a":0,"k":0,"ix":4},"sa":{"a":0,"k":0,"ix":5},"nm":"Transform"}],"nm":"Right Panel","np":3,"cix":2,"bm":0,"ix":1,"mn":"ADBE Vector Group","hd":false}],"ip":0,"op":140,"st":0,"bm":0},{"ddd":0,"ind":8,"ty":4,"nm":"Left 2","sr":1,"ks":{"o":{"a":0,"k":100,"ix":11},"r":{"a":1,"k":[{"i":{"x":[0],"y":[1]},"o":{"x":[1],"y":[0]},"t":0,"s":[0]},{"i":{"x":[0],"y":[1]},"o":{"x":[1],"y":[0]},"t":40,"s":[-45]},{"i":{"x":[0],"y":[1]},"o":{"x":[1],"y":[0]},"t":60,"s":[-45]},{"i":{"x":[0],"y":[1]},"o":{"x":[1],"y":[0]},"t":100,"s":[-90]},{"i":{"x":[0],"y":[1]},"o":{"x":[1],"y":[0]},"t":120,"s":[-90]},{"i":{"x":[0],"y":[1]},"o":{"x":[1],"y":[0]},"t":160,"s":[-135]},{"i":{"x":[0],"y":[1]},"o":{"x":[1],"y":[0]},"t":180,"s":[-135]},{"t":220,"s":[-180]}],"ix":10},"p":{"a":0,"k":[400,246.972,0],"ix":2},"a":{"a":0,"k":[193.944,97.698,0],"ix":1},"s":{"a":0,"k":[100,100,100],"ix":6}},"ao":0,"shapes":[{"ty":"gr","it":[{"ind":0,"ty":"sh","ix":1,"ks":{"a":1,"k":[{"i":{"x":0,"y":1},"o":{"x":1,"y":0},"t":0,"s":[{"i":[[0,0],[0,0],[0,0],[0,0]],"o":[[0,0],[0,0],[0,0],[0,0]],"v":[[91.05,19.688],[90.92,85.06],[-89.742,-20.023],[-89.737,-85.41]],"c":true}]},{"i":{"x":0,"y":1},"o":{"x":1,"y":0},"t":40,"s":[{"i":[[0,0],[0,0],[0,0],[0,0]],"o":[[0,0],[0,0],[0,0],[0,0]],"v":[[-29.666,-59.928],[-75.847,-13.736],[-279.048,-67.907],[-232.661,-114.313]],"c":true}]},{"i":{"x":0,"y":1},"o":{"x":1,"y":0},"t":60,"s":[{"i":[[0,0],[0,0],[0,0],[0,0]],"o":[[0,0],[0,0],[0,0],[0,0]],"v":[[-29.666,-59.928],[-75.847,-13.736],[-279.048,-67.907],[-232.661,-114.313]],"c":true}]},{"i":{"x":0,"y":1},"o":{"x":1,"y":0},"t":100,"s":[{"i":[[0,0],[0,0],[0,0],[0,0]],"o":[[0,0],[0,0],[0,0],[0,0]],"v":[[-110.291,-181.491],[-175.878,-181.455],[-280.954,0.468],[-215.317,0.5]],"c":true}]},{"i":{"x":0,"y":1},"o":{"x":1,"y":0},"t":120,"s":[{"i":[[0,0],[0,0],[0,0],[0,0]],"o":[[0,0],[0,0],[0,0],[0,0]],"v":[[-110.291,-181.491],[-175.878,-181.455],[-280.954,0.468],[-215.317,0.5]],"c":true}]},{"i":{"x":0,"y":1},"o":{"x":1,"y":0},"t":160,"s":[{"i":[[0,0],[0,0],[0,0],[0,0]],"o":[[0,0],[0,0],[0,0],[0,0]],"v":[[-179.234,-88.064],[-225.618,-134.454],[-279.142,67.687],[-232.774,114.079]],"c":true}]},{"i":{"x":0,"y":1},"o":{"x":1,"y":0},"t":180,"s":[{"i":[[0,0],[0,0],[0,0],[0,0]],"o":[[0,0],[0,0],[0,0],[0,0]],"v":[[-179.234,-88.064],[-225.618,-134.454],[-279.142,67.687],[-232.774,114.079]],"c":true}]},{"t":220,"s":[{"i":[[0,0],[0,0],[0,0],[0,0]],"o":[[0,0],[0,0],[0,0],[0,0]],"v":[[-271.828,-20.064],[-271.837,-85.673],[-91.08,19.719],[-91.087,85.048]],"c":true}]}],"ix":2},"nm":"Path 1","mn":"ADBE Vector Shape - Group","hd":false},{"ty":"st","c":{"a":0,"k":[1,0.9764705882352941,0.32941176470588235,1],"ix":3},"o":{"a":0,"k":100,"ix":4},"w":{"a":0,"k":5,"ix":5},"lc":2,"lj":2,"bm":0,"nm":"Stroke 1","mn":"ADBE Vector Graphic - Stroke","hd":false},{"ty":"fl","c":{"a":0,"k":[0.10196078431372549,0.10588235294117647,0.21568627450980393,1],"ix":4},"o":{"a":0,"k":100,"ix":5},"r":1,"bm":0,"nm":"Fill 1","mn":"ADBE Vector Graphic - Fill","hd":false},{"ty":"tr","p":{"a":0,"k":[284.337,97.873],"ix":2},"a":{"a":0,"k":[0,0],"ix":1},"s":{"a":0,"k":[100,100],"ix":3},"r":{"a":0,"k":0,"ix":6},"o":{"a":0,"k":100,"ix":7},"sk":{"a":0,"k":0,"ix":4},"sa":{"a":0,"k":0,"ix":5},"nm":"Transform"}],"nm":"Left Panel 2","np":3,"cix":2,"bm":0,"ix":1,"mn":"ADBE Vector Group","hd":false}],"ip":0,"op":80,"st":0,"bm":0},{"ddd":0,"ind":9,"ty":4,"nm":"Right 2","sr":1,"ks":{"o":{"a":0,"k":100,"ix":11},"r":{"a":1,"k":[{"i":{"x":[0],"y":[1]},"o":{"x":[1],"y":[0]},"t":0,"s":[0]},{"i":{"x":[0],"y":[1]},"o":{"x":[1],"y":[0]},"t":40,"s":[-45]},{"i":{"x":[0],"y":[1]},"o":{"x":[1],"y":[0]},"t":60,"s":[-45]},{"i":{"x":[0],"y":[1]},"o":{"x":[1],"y":[0]},"t":100,"s":[-90]},{"i":{"x":[0],"y":[1]},"o":{"x":[1],"y":[0]},"t":120,"s":[-90]},{"i":{"x":[0],"y":[1]},"o":{"x":[1],"y":[0]},"t":160,"s":[-135]},{"i":{"x":[0],"y":[1]},"o":{"x":[1],"y":[0]},"t":180,"s":[-135]},{"t":220,"s":[-180]}],"ix":10},"p":{"a":0,"k":[400.651,246.972,0],"ix":2},"a":{"a":0,"k":[194.595,97.698,0],"ix":1},"s":{"a":0,"k":[100,100,100],"ix":6}},"ao":0,"shapes":[{"ty":"gr","it":[{"ind":0,"ty":"sh","ix":1,"ks":{"a":1,"k":[{"i":{"x":0,"y":1},"o":{"x":1,"y":0},"t":0,"s":[{"i":[[0,0],[0,0],[0,0],[0,0]],"o":[[0,0],[0,0],[0,0],[0,0]],"v":[[91.641,-85.411],[91.637,-20.022],[-90.459,85.374],[-90.329,19.689]],"c":true}]},{"i":{"x":0,"y":1},"o":{"x":1,"y":0},"t":40,"s":[{"i":[[0,0],[0,0],[0,0],[0,0]],"o":[[0,0],[0,0],[0,0],[0,0]],"v":[[-51.084,-114.778],[-97.447,-68.393],[-43.104,134.584],[3.253,88.167]],"c":true}]},{"i":{"x":0,"y":1},"o":{"x":1,"y":0},"t":60,"s":[{"i":[[0,0],[0,0],[0,0],[0,0]],"o":[[0,0],[0,0],[0,0],[0,0]],"v":[[-51.084,-114.778],[-97.447,-68.393],[-43.104,134.584],[3.253,88.167]],"c":true}]},{"i":{"x":0,"y":1},"o":{"x":1,"y":0},"t":100,"s":[{"i":[[0,0],[0,0],[0,0],[0,0]],"o":[[0,0],[0,0],[0,0],[0,0]],"v":[[-33.303,-0.184],[-98.947,-0.143],[6.114,180.615],[71.721,180.636]],"c":true}]},{"i":{"x":0,"y":1},"o":{"x":1,"y":0},"t":120,"s":[{"i":[[0,0],[0,0],[0,0],[0,0]],"o":[[0,0],[0,0],[0,0],[0,0]],"v":[[-33.303,-0.184],[-98.947,-0.143],[6.114,180.615],[71.721,180.636]],"c":true}]},{"i":{"x":0,"y":1},"o":{"x":1,"y":0},"t":160,"s":[{"i":[[0,0],[0,0],[0,0],[0,0]],"o":[[0,0],[0,0],[0,0],[0,0]],"v":[[-50.273,113.572],[-96.671,67.187],[105.662,13.848],[151.867,60.052]],"c":true}]},{"i":{"x":0,"y":1},"o":{"x":1,"y":0},"t":180,"s":[{"i":[[0,0],[0,0],[0,0],[0,0]],"o":[[0,0],[0,0],[0,0],[0,0]],"v":[[-50.273,113.572],[-96.671,67.187],[105.662,13.848],[151.867,60.052]],"c":true}]},{"t":220,"s":[{"i":[[0,0],[0,0],[0,0],[0,0]],"o":[[0,0],[0,0],[0,0],[0,0]],"v":[[91.633,85.009],[91.61,19.687],[273.568,-85.714],[273.555,-20.041]],"c":true}]}],"ix":2},"nm":"Path 1","mn":"ADBE Vector Shape - Group","hd":false},{"ty":"st","c":{"a":0,"k":[1,0.9764705882352941,0.32941176470588235,1],"ix":3},"o":{"a":0,"k":100,"ix":4},"w":{"a":0,"k":5,"ix":5},"lc":2,"lj":2,"bm":0,"nm":"Stroke 1","mn":"ADBE Vector Graphic - Stroke","hd":false},{"ty":"fl","c":{"a":0,"k":[0.10196078431372549,0.10588235294117647,0.21568627450980393,1],"ix":4},"o":{"a":0,"k":100,"ix":5},"r":1,"bm":0,"nm":"Fill 1","mn":"ADBE Vector Graphic - Fill","hd":false},{"ty":"tr","p":{"a":0,"k":[102.959,97.874],"ix":2},"a":{"a":0,"k":[0,0],"ix":1},"s":{"a":0,"k":[100,100],"ix":3},"r":{"a":0,"k":0,"ix":6},"o":{"a":0,"k":100,"ix":7},"sk":{"a":0,"k":0,"ix":4},"sa":{"a":0,"k":0,"ix":5},"nm":"Transform"}],"nm":"Right Panel 2","np":3,"cix":2,"bm":0,"ix":1,"mn":"ADBE Vector Group","hd":false}],"ip":0,"op":20,"st":0,"bm":0}]}],"layers":[{"ddd":0,"ind":1,"ty":0,"nm":"Main Iso Square 2 - 1080 3","refId":"comp_0","sr":1,"ks":{"o":{"a":0,"k":100,"ix":11},"r":{"a":0,"k":0,"ix":10},"p":{"a":0,"k":[256,258,0],"ix":2},"a":{"a":0,"k":[540,540,0],"ix":1},"s":{"a":0,"k":[70,70,100],"ix":6}},"ao":0,"w":1080,"h":1080,"ip":0,"op":42,"st":0,"bm":0}],"markers":[]}