{"v":"5.5.2","fr":50,"ip":0,"op":126,"w":500,"h":500,"nm":"AdSense","ddd":0,"assets":[],"layers":[{"ddd":0,"ind":2,"ty":4,"nm":"Adsense Outlines - Group 4","sr":1,"ks":{"o":{"a":0,"k":100,"ix":11},"r":{"a":1,"k":[{"i":{"x":[0.667],"y":[1]},"o":{"x":[0.543],"y":[0]},"t":0,"s":[0]},{"i":{"x":[0.407],"y":[1]},"o":{"x":[0.333],"y":[0]},"t":26,"s":[-402.869]},{"i":{"x":[0.667],"y":[1]},"o":{"x":[0.333],"y":[0]},"t":35,"s":[-360]},{"i":{"x":[0.424],"y":[1]},"o":{"x":[0.333],"y":[0]},"t":44,"s":[-370]},{"t":53,"s":[-360]}],"ix":10},"p":{"a":0,"k":[327.822,223.623,0],"ix":2},"a":{"a":0,"k":[65.564,44.725,0],"ix":1},"s":{"a":0,"k":[500,500,100],"ix":6}},"ao":0,"shapes":[{"ty":"gr","it":[{"ind":0,"ty":"sh","ix":1,"ks":{"a":0,"k":{"i":[[0,0],[0,0]],"o":[[0,0],[0,0]],"v":[[-3.374,5.843],[3.374,-5.843]],"c":false},"ix":2},"nm":"Path 1","mn":"ADBE Vector Shape - Group","hd":false},{"ty":"st","c":{"a":0,"k":[0.258999992819,0.522000002394,0.957000014361,1],"ix":3},"o":{"a":0,"k":100,"ix":4},"w":{"a":0,"k":13.78,"ix":5},"lc":2,"lj":1,"ml":10,"bm":0,"nm":"Stroke 1","mn":"ADBE Vector Graphic - Stroke","hd":false},{"ty":"tr","p":{"a":0,"k":[62.191,50.567],"ix":2},"a":{"a":0,"k":[0,0],"ix":1},"s":{"a":0,"k":[100,100],"ix":3},"r":{"a":0,"k":0,"ix":6},"o":{"a":0,"k":100,"ix":7},"sk":{"a":0,"k":0,"ix":4},"sa":{"a":0,"k":0,"ix":5},"nm":"Transform"}],"nm":"Group 4","np":2,"cix":2,"bm":0,"ix":1,"mn":"ADBE Vector Group","hd":false}],"ip":0,"op":250,"st":0,"bm":0},{"ddd":0,"ind":3,"ty":4,"nm":"Adsense Outlines - Group 3","sr":1,"ks":{"o":{"a":0,"k":100,"ix":11},"r":{"a":1,"k":[{"i":{"x":[0.667],"y":[1]},"o":{"x":[0.51],"y":[0]},"t":0,"s":[0]},{"i":{"x":[0.432],"y":[1]},"o":{"x":[0.333],"y":[0]},"t":26,"s":[370.429]},{"i":{"x":[0.667],"y":[1]},"o":{"x":[0.333],"y":[0]},"t":35,"s":[346]},{"i":{"x":[0.575],"y":[1]},"o":{"x":[0.333],"y":[0]},"t":43,"s":[367]},{"i":{"x":[0.703],"y":[1]},"o":{"x":[0.341],"y":[0]},"t":51,"s":[355]},{"t":59,"s":[360]}],"ix":10},"p":{"a":0,"k":[184.226,282.051,0],"ix":2},"a":{"a":0,"k":[36.845,56.41,0],"ix":1},"s":{"a":0,"k":[500,500,100],"ix":6}},"ao":0,"shapes":[{"ty":"gr","it":[{"ind":0,"ty":"sh","ix":1,"ks":{"a":0,"k":{"i":[[0,3.822],[3.822,0],[0,-3.822],[-3.823,0]],"o":[[0,-3.822],[-3.823,0],[0,3.822],[3.822,0]],"v":[[6.921,0],[0,-6.921],[-6.921,0],[0,6.921]],"c":true},"ix":2},"nm":"Path 1","mn":"ADBE Vector Shape - Group","hd":false},{"ty":"fl","c":{"a":0,"k":[0.204000001795,0.658999992819,0.325,1],"ix":4},"o":{"a":0,"k":100,"ix":5},"r":1,"bm":0,"nm":"Fill 1","mn":"ADBE Vector Graphic - Fill","hd":false},{"ty":"tr","p":{"a":0,"k":[36.845,56.41],"ix":2},"a":{"a":0,"k":[0,0],"ix":1},"s":{"a":0,"k":[100,100],"ix":3},"r":{"a":0,"k":0,"ix":6},"o":{"a":0,"k":100,"ix":7},"sk":{"a":0,"k":0,"ix":4},"sa":{"a":0,"k":0,"ix":5},"nm":"Transform"}],"nm":"Group 3","np":2,"cix":2,"bm":0,"ix":1,"mn":"ADBE Vector Group","hd":false}],"ip":0,"op":250,"st":0,"bm":0},{"ddd":0,"ind":4,"ty":4,"nm":"Adsense Outlines - Group 5","parent":3,"sr":1,"ks":{"o":{"a":0,"k":100,"ix":11},"r":{"a":0,"k":0,"ix":10},"p":{"a":0,"k":[43.652,44.621,0],"ix":2},"a":{"a":0,"k":[43.652,44.621,0],"ix":1},"s":{"a":0,"k":[100,100,100],"ix":6}},"ao":0,"shapes":[{"ty":"gr","it":[{"ind":0,"ty":"sh","ix":1,"ks":{"a":0,"k":{"i":[[0,0],[0,0]],"o":[[0,0],[0,0]],"v":[[-6.807,11.789],[6.807,-11.789]],"c":false},"ix":2},"nm":"Path 1","mn":"ADBE Vector Shape - Group","hd":false},{"ty":"st","c":{"a":0,"k":[0.984000052658,0.736999990426,0.016000001571,1],"ix":3},"o":{"a":0,"k":100,"ix":4},"w":{"a":0,"k":13.78,"ix":5},"lc":2,"lj":1,"ml":10,"bm":0,"nm":"Stroke 1","mn":"ADBE Vector Graphic - Stroke","hd":false},{"ty":"tr","p":{"a":0,"k":[43.652,44.621],"ix":2},"a":{"a":0,"k":[0,0],"ix":1},"s":{"a":0,"k":[100,100],"ix":3},"r":{"a":0,"k":0,"ix":6},"o":{"a":0,"k":100,"ix":7},"sk":{"a":0,"k":0,"ix":4},"sa":{"a":0,"k":0,"ix":5},"nm":"Transform"}],"nm":"Group 5","np":2,"cix":2,"bm":0,"ix":1,"mn":"ADBE Vector Group","hd":false}],"ip":0,"op":250,"st":0,"bm":0}],"markers":[]}